날짜,종가,SMA60,상승국면
2023-01-02,671.51,,False
2023-01-03,674.95,,False
2023-01-04,683.67,,False
2023-01-05,679.92,,False
2023-01-06,688.94,,False
2023-01-09,701.21,,False
2023-01-10,696.05,,False
2023-01-11,709.77,,False
2023-01-12,710.82,,False
2023-01-13,711.82,,False
2023-01-16,716.89,,False
2023-01-17,709.71,,False
2023-01-18,711.75,,False
2023-01-19,712.89,,False
2023-01-20,717.97,,False
2023-01-25,732.35,,False
2023-01-26,738.94,,False
2023-01-27,741.25,,False
2023-01-30,738.62,,False
2023-01-31,740.49,,False
2023-02-01,750.96,,False
2023-02-02,764.62,,False
2023-02-03,766.79,,False
2023-02-06,761.33,,False
2023-02-07,772.79,,False
2023-02-08,779.98,,False
2023-02-09,784.58,,False
2023-02-10,772.44,,False
2023-02-13,772.55,,False
2023-02-14,779.58,,False
2023-02-15,765.46,,False
2023-02-16,784.71,,False
2023-02-17,775.62,,False
2023-02-20,788.89,,False
2023-02-21,793.42,,False
2023-02-22,778.51,,False
2023-02-23,783.28,,False
2023-02-24,778.88,,False
2023-02-27,780.3,,False
2023-02-28,791.6,,False
2023-03-02,787.19,,False
2023-03-03,802.42,,False
2023-03-06,816.51,,False
2023-03-07,815.76,,False
2023-03-08,813.95,,False
2023-03-09,809.22,,False
2023-03-10,788.6,,False
2023-03-13,788.89,,False
2023-03-14,758.05,,False
2023-03-15,781.17,,False
2023-03-16,781.98,,False
2023-03-17,797.39,,False
2023-03-20,802.2,,False
2023-03-21,802.53,,False
2023-03-22,813.43,,False
2023-03-23,812.19,,False
2023-03-24,824.11,,False
2023-03-27,827.69,,False
2023-03-28,833.51,,False
2023-03-29,843.94,763.609,True
2023-03-30,850.48,766.5918333333333,True
2023-03-31,847.52,769.4680000000001,True
2023-04-03,854.96,772.3228333333334,True
2023-04-04,857.18,775.2771666666666,True
2023-04-05,872.36,778.3341666666668,True
2023-04-06,865.58,781.0736666666668,True
2023-04-07,880.07,784.1406666666667,True
2023-04-10,887.78,787.1075000000001,True
2023-04-11,898.94,790.2428333333335,True
2023-04-12,890.62,793.2228333333333,True
2023-04-13,894.25,796.1788333333333,True
2023-04-14,903.84,799.4143333333334,True
2023-04-17,909.5,802.7101666666666,True
2023-04-18,909.02,805.9789999999999,True
2023-04-19,909.2,809.1661666666666,True
2023-04-20,885.71,811.7221666666667,True
2023-04-21,868.82,813.8868333333334,True
2023-04-24,855.23,815.7864999999999,True
2023-04-25,838.71,817.4546666666666,True
2023-04-26,830.44,818.9538333333334,True
2023-04-27,850.21,820.608,True
2023-04-28,842.83,821.9115,True
2023-05-02,855.61,823.3918333333334,True
2023-05-03,843.18,824.756,True
2023-05-04,845.06,825.9604999999999,True
2023-05-08,842.28,826.9988333333333,True
2023-05-09,835.85,827.8533333333334,True
2023-05-10,829.74,828.8083333333333,True
2023-05-11,824.54,829.6748333333334,False
2023-05-12,822.43,830.389,False
2023-05-15,814.53,831.2068333333334,False
2023-05-16,816.75,831.7408333333334,False
2023-05-17,834.19,832.7170000000001,True
2023-05-18,835.89,833.5003333333334,True
2023-05-19,841.72,834.3053333333334,True
2023-05-22,852.04,835.5308333333334,True
2023-05-23,859.16,836.7955000000001,True
2023-05-24,855.46,838.0718333333333,True
2023-05-25,847.72,839.1955,True
2023-05-26,843.23,840.056,True
2023-05-30,851.5,841.1278333333333,True
2023-05-31,856.94,842.0365,True
2023-06-01,863.78,842.8243333333334,True
2023-06-02,868.06,843.6959999999999,True
2023-06-05,870.28,844.6348333333334,True
2023-06-07,880.72,845.8264999999999,True
2023-06-08,876.13,847.2853333333334,True
2023-06-09,883.71,848.8656666666667,True
2023-06-12,885.76,850.9941666666667,True
2023-06-13,896.81,852.9215,True
2023-06-14,871.83,854.419,True
2023-06-15,878.04,855.7631666666667,True
2023-06-16,887.95,857.1923333333333,True
2023-06-19,888.61,858.6270000000001,True
2023-06-20,886.41,859.8433333333335,True
2023-06-21,875.7,860.9018333333333,True
2023-06-22,876.38,861.7729999999999,True
2023-06-23,874.84,862.5588333333333,True
2023-06-26,879.5,863.3253333333334,True
2023-06-27,874.14,863.8286666666667,True
2023-06-28,866.97,864.1035,True
2023-06-29,861.79,864.3413333333334,False
2023-06-30,868.24,864.5626666666667,True
2023-07-03,889.29,865.0978333333334,True
2023-07-04,890.0,865.3918333333334,True
2023-07-05,891.18,865.8185,True
2023-07-06,870.53,865.6595,True
2023-07-07,867.27,865.3176666666666,True
2023-07-10,860.35,864.6744999999999,False
2023-07-11,878.73,864.4763333333334,True
2023-07-12,879.88,864.2368333333333,True
2023-07-13,893.07,864.0573333333333,True
2023-07-14,896.28,863.837,True
2023-07-17,898.29,863.6581666666666,True
2023-07-18,914.14,863.7405,True
2023-07-19,923.72,864.3739999999999,True
2023-07-20,931.6,865.4203333333334,True
2023-07-21,934.58,866.7428333333334,True
2023-07-24,929.9,868.2626666666667,True
2023-07-25,939.96,870.088,True
2023-07-26,900.63,870.9283333333334,True
2023-07-27,883.79,871.6110000000001,True
2023-07-28,913.74,872.5798333333333,True
2023-07-31,935.97,874.1263333333334,True
2023-08-01,939.67,875.7031666666667,True
2023-08-02,909.76,876.8278333333334,True
2023-08-03,920.32,878.2356666666667,True
2023-08-04,918.43,879.7138333333334,True
2023-08-07,898.22,880.9418333333332,True
2023-08-08,892.34,882.107,True
2023-08-09,908.98,883.6811666666666,True
2023-08-10,911.29,885.2568333333332,True
2023-08-11,912.2,886.5570000000001,True
2023-08-14,901.68,887.6535,True
2023-08-16,878.29,888.2630000000001,False
2023-08-17,886.04,888.8296666666666,False
2023-08-18,877.32,889.1323333333333,False
2023-08-21,888.71,889.6865,False
2023-08-22,893.33,890.4466666666666,True
2023-08-23,882.87,891.1073333333334,False
2023-08-24,901.74,891.9446666666666,True
2023-08-25,899.38,892.652,True
2023-08-28,909.38,893.412,True
2023-08-29,916.24,894.215,True
2023-08-30,923.81,895.1071666666667,True
2023-08-31,928.4,895.9018333333333,True
2023-09-01,919.74,896.6286666666667,True
2023-09-04,919.16,897.2194999999999,True
2023-09-05,921.48,897.8148333333334,True
2023-09-06,917.95,898.1671666666666,True
2023-09-07,906.36,898.7426666666667,True
2023-09-08,914.18,899.3449999999999,True
2023-09-11,912.55,899.755,True
2023-09-12,898.04,899.9121666666667,False
2023-09-13,882.72,899.8506666666667,False
2023-09-14,899.47,900.2468333333333,False
2023-09-15,899.03,900.6243333333333,False
2023-09-18,891.29,900.8984999999999,False
2023-09-19,883.89,900.9716666666666,False
2023-09-20,882.72,901.1146666666666,False
2023-09-21,860.68,901.0098333333333,False
2023-09-22,857.35,900.9358333333332,False
2023-09-25,839.17,900.4513333333333,False
2023-09-26,827.82,899.4268333333333,False
2023-09-27,841.02,898.6105,False
2023-10-04,807.4,897.2141666666666,False
2023-10-05,801.02,896.0556666666666,False
2023-10-06,816.39,895.2076666666667,False
2023-10-10,795.0,894.1185,False
2023-10-11,817.12,893.0916666666667,False
2023-10-12,835.49,892.3518333333334,False
2023-10-13,822.78,891.1803333333334,False
2023-10-16,810.54,889.7513333333333,False
2023-10-17,820.38,888.4528333333334,False
2023-10-18,808.89,886.6986666666667,False
2023-10-19,784.04,884.3706666666668,False
2023-10-20,769.25,881.6648333333334,False
2023-10-23,763.69,878.8166666666667,False
2023-10-24,784.86,876.3993333333333,False
2023-10-25,770.84,873.5806666666667,False
2023-10-26,743.85,870.9676666666667,False
2023-10-27,748.49,868.7126666666667,False
2023-10-30,757.12,866.1023333333334,False
2023-10-31,736.1,862.7711666666667,False
2023-11-01,739.23,859.4305,False
2023-11-02,772.84,857.1484999999999,False
2023-11-03,782.05,854.8439999999999,False
2023-11-06,839.45,853.5276666666666,False
2023-11-07,824.37,852.2968333333334,False
2023-11-08,811.02,850.9415,False
2023-11-09,802.87,849.1730000000001,False
2023-11-10,789.31,847.14,False
2023-11-13,774.42,844.8436666666665,False
2023-11-14,794.19,843.0521666666666,False
2023-11-15,809.36,841.9033333333333,False
2023-11-16,811.11,840.6545000000001,False
2023-11-17,799.06,839.3501666666666,False
2023-11-20,813.08,838.0896666666666,False
2023-11-21,817.01,836.8176666666667,False
2023-11-22,814.61,835.6800000000001,False
2023-11-23,815.98,834.2506666666667,False
2023-11-24,815.0,832.8443333333332,False
2023-11-27,810.25,831.1921666666666,False
2023-11-28,816.44,829.5288333333334,False
2023-11-29,822.44,827.8393333333333,False
2023-11-30,831.68,826.2273333333334,True
2023-12-01,827.24,824.6856666666666,True
2023-12-04,828.52,823.175,True
2023-12-05,813.38,821.3733333333333,False
2023-12-06,819.54,819.7331666666666,False
2023-12-07,813.2,818.1805,False
2023-12-08,830.37,816.7836666666667,True
2023-12-11,835.25,815.4953333333334,True
2023-12-12,839.53,814.5201666666667,True
2023-12-13,829.31,813.63,True
2023-12-14,840.59,812.6486666666666,True
2023-12-15,838.31,811.6366666666668,True
2023-12-18,850.96,810.9645,True
2023-12-19,858.3,810.538,True
2023-12-20,862.98,810.2090000000001,True
2023-12-21,859.44,810.1883333333334,True
2023-12-22,854.62,810.1428333333333,True
2023-12-26,848.34,810.2956666666666,True
2023-12-27,859.79,810.8285,True
2023-12-28,866.57,811.2543333333334,True
2024-01-02,878.93,812.4465,True
2024-01-03,871.57,813.6223333333334,True
2024-01-04,866.25,814.4533333333334,True
2024-01-05,878.33,815.8421666666668,True
2024-01-08,879.34,816.8791666666667,True
2024-01-09,884.64,817.6983333333334,True
2024-01-10,875.46,818.5763333333333,True
2024-01-11,882.53,819.7761666666667,True
2024-01-12,868.08,820.5711666666666,True
2024-01-15,859.71,821.4181666666666,True
2024-01-16,854.83,822.598,True
2024-01-17,833.05,823.6613333333333,True
2024-01-18,840.33,824.9386666666667,True
2024-01-19,842.67,825.9021666666667,True
2024-01-22,839.69,827.0496666666666,True
2024-01-23,840.11,828.654,True
2024-01-24,836.21,830.116,True
2024-01-25,823.74,831.2263333333334,False
2024-01-26,837.24,832.912,True
2024-01-29,819.14,834.2438333333333,False
2024-01-30,818.86,835.0108333333334,False
2024-01-31,799.24,835.2973333333333,False
2024-02-01,798.73,834.6186666666667,False
2024-02-02,814.77,834.4586666666667,False
2024-02-05,807.99,834.4081666666667,False
2024-02-06,807.03,834.4775000000001,False
2024-02-07,811.92,834.8543333333333,False
2024-02-08,826.58,835.7236666666668,False
2024-02-13,845.15,836.573,True
2024-02-14,853.3,837.3053333333334,True
2024-02-15,859.21,838.107,True
2024-02-16,857.6,839.0826666666667,True
2024-02-19,858.47,839.8391666666666,True
2024-02-20,866.17,840.6584999999999,True
2024-02-21,864.07,841.4828333333334,True
2024-02-22,870.11,842.385,True
2024-02-23,868.57,843.2778333333333,True
2024-02-26,867.4,844.2303333333333,True
2024-02-27,853.75,844.8521666666667,True
2024-02-28,863.39,845.5346666666666,True
2024-02-29,862.96,846.0559999999999,True
2024-03-04,872.97,846.8181666666666,True
2024-03-05,866.37,847.4490000000001,True
2024-03-06,870.67,848.4038333333333,True
2024-03-07,863.37,849.1343333333334,True
2024-03-08,873.18,850.134,True
2024-03-11,875.93,850.8933333333333,True
2024-03-12,889.71,851.801,True
2024-03-13,889.93,852.641,True
2024-03-14,887.52,853.6111666666667,True
2024-03-15,880.46,854.2756666666667,True
2024-03-18,894.48,855.2118333333333,True
2024-03-19,891.91,855.8943333333333,True
2024-03-20,891.45,856.4468333333334,True
2024-03-21,904.29,857.1353333333334,True
2024-03-22,903.98,857.8776666666666,True
2024-03-25,913.69,858.8621666666667,True
2024-03-26,916.09,859.9913333333333,True
2024-03-27,911.25,860.8489999999999,True
2024-03-28,910.05,861.5736666666667,True
2024-03-29,905.5,862.0165,True
2024-04-01,912.45,862.6978333333333,True
2024-04-02,891.59,863.1201666666667,True
2024-04-03,879.96,863.1473333333332,True
2024-04-04,882.9,863.2066666666667,True
2024-04-05,872.29,863.0008333333334,True
2024-04-08,860.57,862.7526666666668,False
2024-04-09,859.33,862.3660000000001,False
2024-04-11,858.1,862.1996666666668,False
2024-04-12,860.47,862.2123333333334,False
2024-04-15,852.42,862.1721666666667,False
2024-04-16,832.81,862.1681666666666,False
2024-04-17,833.03,862.0465,False
2024-04-18,855.65,862.2628333333333,False
2024-04-19,841.91,862.2998333333334,False
2024-04-22,845.82,862.3950000000001,False
2024-04-23,845.44,862.5488333333334,False
2024-04-24,862.23,863.1903333333333,False
2024-04-25,853.26,863.4573333333334,False
2024-04-26,856.82,864.0853333333333,False
2024-04-29,869.72,864.9330000000001,True
2024-04-30,868.93,866.0944999999999,True
2024-05-02,867.48,867.2403333333333,True
2024-05-03,865.59,868.0873333333334,False
2024-05-07,871.26,869.1418333333332,True
2024-05-08,872.42,870.2316666666666,True
2024-05-09,870.15,871.2021666666666,False
2024-05-10,864.16,871.8285,False
2024-05-13,854.43,871.9831666666668,False
2024-05-14,862.15,872.1306666666667,False
2024-05-16,870.37,872.3166666666667,False
2024-05-17,855.06,872.2743333333334,False
2024-05-20,847.08,872.0845,False
2024-05-21,846.51,871.7568333333334,False
2024-05-22,845.72,871.4509999999999,False
2024-05-23,846.58,871.0588333333334,False
2024-05-24,839.41,870.5728333333334,False
2024-05-27,847.99,870.2493333333333,False
2024-05-28,851.01,870.2036666666667,False
2024-05-29,838.45,869.7880000000001,False
2024-05-30,831.99,869.2718333333335,False
2024-05-31,839.98,868.722,False
2024-06-03,844.72,868.3611666666667,False
2024-06-04,845.84,867.9473333333334,False
2024-06-05,850.75,867.737,False
2024-06-07,866.18,867.6203333333334,False
2024-06-10,864.71,867.4333333333333,False
2024-06-11,868.36,867.0775,True
2024-06-12,870.67,866.7565,True
2024-06-13,871.33,866.4866666666668,True
2024-06-14,862.19,866.1821666666667,False
2024-06-17,858.96,865.5901666666667,False
2024-06-18,858.95,865.0408333333334,False
2024-06-19,861.17,864.5361666666666,False
2024-06-20,857.51,863.7565,False
2024-06-21,852.67,862.9013333333334,False
2024-06-24,841.52,861.6985000000001,False
2024-06-25,841.99,860.4635000000001,False
2024-06-26,842.12,859.3113333333333,False
2024-06-27,838.65,858.1213333333333,False
2024-06-28,840.44,857.037,False
2024-07-01,847.15,855.9486666666668,False
2024-07-02,829.91,854.9206666666666,False
2024-07-03,836.1,854.1896666666667,False
2024-07-04,840.81,853.4881666666666,False
2024-07-05,847.49,853.0748333333333,False
2024-07-08,859.27,853.0531666666666,True
2024-07-09,860.42,853.0713333333333,True
2024-07-10,858.55,853.0788333333333,True
2024-07-11,852.42,852.9446666666666,False
2024-07-12,850.37,852.9105,False
2024-07-15,852.88,853.2450000000001,False
2024-07-16,839.61,853.3546666666666,False
2024-07-17,829.41,852.9173333333333,False
2024-07-18,822.48,852.5935000000001,False
2024-07-19,828.72,852.3084999999999,False
2024-07-22,809.96,851.7171666666668,False
2024-07-23,812.12,850.882,False
2024-07-24,814.25,850.2318333333333,False
2024-07-25,797.29,849.2396666666666,False
2024-07-26,797.56,848.0369999999999,False
2024-07-29,807.99,847.0213333333335,False
2024-07-30,803.78,845.9596666666667,False
2024-07-31,803.15,844.919,False
2024-08-01,813.53,843.9568333333334,False
2024-08-02,779.33,842.4053333333335,False
2024-08-05,691.28,839.4241666666668,False
2024-08-06,732.87,837.236,False
2024-08-07,748.54,835.4711666666666,False
2024-08-08,745.28,833.5233333333332,False
2024-08-09,764.43,831.7576666666666,False
2024-08-12,772.72,830.3853333333333,False
2024-08-13,764.86,829.015,False
2024-08-14,776.83,827.8536666666666,False
2024-08-16,786.33,826.8638333333333,False
2024-08-19,777.47,825.7119999999999,False
2024-08-20,787.44,824.8458333333333,False
2024-08-21,779.87,823.7105,False
2024-08-22,773.47,822.4181666666667,False
2024-08-23,773.26,821.3316666666666,False
2024-08-26,766.79,820.245,False
2024-08-27,764.95,818.9945000000001,False
2024-08-28,762.5,817.6241666666667,False
2024-08-29,756.04,816.1274999999999,False
2024-08-30,767.66,814.7426666666667,False
2024-09-02,769.21,813.1265,False
2024-09-03,760.37,811.3875,False
2024-09-04,731.75,809.1106666666667,False
2024-09-05,725.28,806.6875,False
2024-09-06,706.59,803.9418333333332,False
2024-09-09,714.46,801.4796666666667,False
2024-09-10,706.2,798.9336666666667,False
2024-09-11,709.42,796.4415,False
2024-09-12,731.03,794.2724999999999,False
2024-09-13,733.2,792.2006666666667,False
2024-09-19,739.51,790.3146666666667,False
2024-09-20,748.33,788.7615,False
2024-09-23,755.12,787.3136666666667,False
2024-09-24,767.35,786.0675,False
2024-09-25,759.3,784.7450000000001,False
2024-09-26,779.18,783.724,False
2024-09-27,774.49,782.513,False
2024-09-30,763.88,781.4125,False
2024-10-02,762.13,780.1796666666668,False
2024-10-04,768.98,778.9825,False
2024-10-07,781.01,777.8745,True
2024-10-08,778.24,776.524,True
2024-10-10,775.48,775.1083333333333,True
2024-10-11,770.98,773.6488333333333,False
2024-10-14,770.26,772.2795,False
2024-10-15,773.81,771.0035,True
2024-10-16,765.79,769.5519999999999,False
2024-10-17,765.06,768.3095000000001,False
2024-10-18,753.22,767.0396666666667,False
2024-10-21,759.95,765.9975,False
2024-10-22,738.34,764.4911666666667,False
2024-10-23,745.19,763.4116666666666,False
2024-10-24,734.59,762.1195,False
2024-10-25,727.41,760.6721666666667,False
2024-10-28,740.48,759.7253333333333,False
2024-10-29,744.18,758.8356666666666,False
2024-10-30,738.19,757.6723333333333,False
2024-10-31,743.06,756.6603333333333,False
2024-11-01,729.05,755.4253333333332,False
2024-11-04,754.08,754.4345,False
2024-11-05,751.81,753.9758333333334,False
2024-11-06,743.31,754.843,False
2024-11-07,733.52,754.8538333333333,False
2024-11-08,743.38,754.7678333333333,False
2024-11-11,728.84,754.4938333333334,False
2024-11-12,710.52,753.5953333333333,False
2024-11-13,689.65,752.2108333333333,False
2024-11-14,681.56,750.8225,False
2024-11-15,685.42,749.2989999999999,False
2024-11-18,689.55,747.6859999999999,False
2024-11-19,686.12,746.1635000000001,False
2024-11-20,682.91,744.4213333333333,False
2024-11-21,680.67,742.7679999999999,False
2024-11-22,677.01,741.1603333333333,False
2024-11-25,696.83,739.8865000000001,False
2024-11-26,693.15,738.6591666666667,False
2024-11-27,692.0,737.4433333333333,False
2024-11-28,694.39,736.3081666666666,False
2024-11-29,678.19,735.0106666666668,False
2024-12-02,675.84,733.4803333333333,False
2024-12-03,690.8,732.1735000000001,False
2024-12-04,677.15,730.7864999999999,False
2024-12-05,670.94,729.7729999999999,False
2024-12-06,661.33,728.7071666666667,False
2024-12-09,627.01,727.3808333333334,False
2024-12-10,661.59,726.4996666666666,False
2024-12-11,675.92,725.995,False
2024-12-12,683.35,725.5604999999999,False
2024-12-13,693.73,724.9388333333334,False
2024-12-16,698.53,724.361,False
2024-12-17,694.47,723.6103333333334,False
2024-12-18,697.57,722.7643333333333,False
2024-12-19,684.36,721.5849999999999,False
2024-12-20,668.31,719.9343333333333,False
2024-12-23,679.24,718.6,False
2024-12-24,680.11,716.9488333333334,False
2024-12-26,675.64,715.3013333333333,False
2024-12-27,665.97,713.6695,False
2024-12-30,678.19,712.2705,False
2025-01-02,686.63,710.898,False
2025-01-03,705.76,709.6438333333333,False
2025-01-06,717.96,708.6391666666666,True
2025-01-07,718.29,707.6859999999999,True
2025-01-08,719.63,706.8301666666667,True
2025-01-09,723.52,706.0511666666666,True
2025-01-10,717.89,705.1191666666667,True
2025-01-13,708.21,704.1595,True
2025-01-14,718.04,703.3758333333333,True
2025-01-15,711.61,702.6823333333334,True
2025-01-16,724.24,702.0871666666666,True
2025-01-17,724.69,701.8596666666667,True
2025-01-20,727.66,701.5675,True
2025-01-21,726.07,701.4255,True
2025-01-22,732.31,701.5071666666666,True
2025-01-23,724.01,701.2326666666668,True
2025-01-24,728.74,700.9753333333334,True
2025-01-31,728.29,700.8103333333333,True
2025-02-03,703.8,700.1560000000001,True
2025-02-04,719.92,700.0038333333334,True
2025-02-05,730.98,699.6188333333333,True
2025-02-06,740.32,699.4273333333333,True
2025-02-07,742.9,699.4205000000001,True
2025-02-10,749.67,699.6896666666667,True
2025-02-11,749.59,699.7931666666667,True
2025-02-12,745.18,700.0655,True
2025-02-13,749.28,700.7115,True
2025-02-14,756.32,701.8226666666667,True
2025-02-17,768.48,703.2713333333334,True
2025-02-18,773.65,704.7418333333334,True
2025-02-19,778.27,706.2205,True
2025-02-20,768.27,707.5896666666666,True
2025-02-21,774.65,709.1186666666667,True
2025-02-24,773.33,710.6630000000001,True
2025-02-25,769.43,712.2033333333334,True
2025-02-26,771.41,713.4463333333333,True
2025-02-27,770.85,714.7413333333333,True
2025-02-28,743.96,715.6073333333333,True
2025-03-04,737.9,716.3325,True
2025-03-05,746.95,717.4784999999999,True
2025-03-06,734.92,718.4631666666667,True
2025-03-07,727.7,719.0781666666666,True
2025-03-10,725.82,719.8893333333333,True
2025-03-11,721.5,720.732,True
2025-03-12,729.49,721.868,True
2025-03-13,722.8,723.4644999999999,False
2025-03-14,734.26,724.6756666666666,True
2025-03-17,743.51,725.8021666666667,True
2025-03-18,745.54,726.8386666666668,True
2025-03-19,738.35,727.5823333333334,True
2025-03-20,725.15,728.0260000000001,False
2025-03-21,719.41,728.4416666666667,False
2025-03-24,720.22,728.8191666666667,False
2025-03-25,711.26,729.2675,False
2025-03-26,716.48,730.0703333333333,False
2025-03-27,707.49,730.5411666666665,False
2025-03-28,693.76,730.7686666666666,False
2025-03-31,672.85,730.7221666666666,False
2025-04-01,691.45,731.1468333333335,False
2025-04-02,684.85,731.2578333333333,False
2025-04-03,683.49,731.2054999999999,False
2025-04-04,687.39,730.8993333333333,False
2025-04-07,651.3,729.7883333333334,False
2025-04-08,658.45,728.7909999999999,False
2025-04-09,643.39,727.5203333333333,False
2025-04-10,681.79,726.8248333333333,False
2025-04-11,695.59,726.4531666666667,False
2025-04-14,708.98,726.466,False
2025-04-15,711.92,726.364,False
2025-04-16,699.11,726.1556666666667,False
2025-04-17,711.75,725.9475,False
2025-04-18,717.77,725.8321666666667,False
2025-04-21,715.45,725.6286666666667,False
2025-04-22,716.12,725.4628333333333,False
2025-04-23,726.08,725.359,True
2025-04-24,726.08,725.3935,True
2025-04-25,729.69,725.4093333333333,True
2025-04-28,719.41,725.2613333333334,False
2025-04-29,726.46,725.639,True
2025-04-30,717.24,725.5943333333332,False
2025-05-02,721.86,725.4423333333333,False
2025-05-07,722.81,725.1505,False
2025-05-08,729.59,724.9286666666667,True
2025-05-09,722.52,724.4761666666667,False
2025-05-12,725.4,724.073,True
2025-05-13,731.88,723.8513333333333,True
2025-05-14,739.05,723.6808333333333,True
2025-05-15,733.23,723.296,True
2025-05-16,725.07,722.5725000000001,True
2025-05-19,713.75,721.5741666666668,False
2025-05-20,715.55,720.5288333333333,False
2025-05-21,723.62,719.7846666666667,True
2025-05-22,717.67,718.8349999999999,False
2025-05-23,715.98,717.8791666666667,False
2025-05-26,725.27,717.1431666666666,True
2025-05-27,727.11,716.4048333333334,True
2025-05-28,728.79,715.7038333333334,True
2025-05-29,736.29,715.5760000000001,True
2025-05-30,734.35,715.5168333333334,True
2025-06-02,740.29,715.4058333333334,True
2025-06-04,750.21,715.6606666666667,True
2025-06-05,756.23,716.1361666666668,True
2025-06-09,764.21,716.7760000000001,True
2025-06-10,771.2,717.6043333333333,True
2025-06-11,786.29,718.5509999999999,True
2025-06-12,789.45,719.6618333333333,True
2025-06-13,768.86,720.2384999999999,True
2025-06-16,777.26,720.8009999999999,True
2025-06-17,775.65,721.3028333333333,True
2025-06-18,779.73,721.9925,True
2025-06-19,782.51,722.9485,True
2025-06-20,791.53,724.1505,True
2025-06-23,784.79,725.2266666666667,True
2025-06-24,800.93,726.7211666666666,True
2025-06-25,798.21,728.0833333333334,True
2025-06-26,787.95,729.4243333333335,True
2025-06-27,781.56,730.8876666666667,True
2025-06-30,781.5,732.6985000000001,True
2025-07-01,783.67,734.2355,True
2025-07-02,782.17,735.8575,True
2025-07-03,793.33,737.6881666666667,True
2025-07-04,775.8,739.1616666666667,True
2025-07-07,778.46,741.2810000000001,True
2025-07-08,784.24,743.3775,True
2025-07-09,790.36,745.827,True
2025-07-10,797.7,747.7588333333333,True
2025-07-11,800.47,749.5068333333332,True
2025-07-14,799.37,751.0133333333334,True
2025-07-15,812.88,752.6959999999999,True
2025-07-16,812.23,754.5813333333334,True
2025-07-17,818.27,756.3566666666667,True
2025-07-18,820.67,758.0716666666667,True
2025-07-21,821.69,759.8423333333334,True
2025-07-22,812.97,761.4565,True
2025-07-23,813.56,762.9145,True
2025-07-24,809.89,764.3113333333332,True
2025-07-25,806.95,765.599,True
2025-07-28,804.4,767.0155,True
2025-07-29,804.45,768.3153333333333,True
2025-07-30,803.67,769.7558333333333,True
2025-07-31,805.24,771.1455000000001,True
2025-08-01,772.79,771.9784999999999,True
2025-08-04,784.06,772.8863333333334,True
2025-08-05,798.6,774.1543333333334,True
2025-08-06,803.49,775.4558333333333,True
2025-08-07,805.81,776.6880000000001,True
2025-08-08,809.27,777.8583333333333,True
2025-08-11,811.85,779.1686666666666,True
2025-08-12,807.19,780.5373333333333,True
2025-08-13,814.1,782.2098333333332,True
2025-08-14,815.26,783.8716666666667,True
2025-08-18,798.05,785.1121666666666,True
2025-08-19,787.96,786.2836666666667,True
2025-08-20,777.61,787.3108333333332,False
2025-08-21,777.24,788.177,False
2025-08-22,782.51,789.1003333333333,False
2025-08-25,798.02,790.2541666666667,True
2025-08-26,801.66,791.3436666666665,True
2025-08-27,801.72,792.4665,True
2025-08-28,798.43,793.4354999999999,True
2025-08-29,796.91,794.2138333333334,True
2025-09-01,785.0,794.6933333333333,False
2025-09-02,794.0,795.1898333333334,False
2025-09-03,796.81,795.6166666666667,True
2025-09-04,805.42,795.9354999999999,True
2025-09-05,811.4,796.3013333333333,True
2025-09-08,818.6,797.1303333333333,True
2025-09-09,824.82,797.923,True
2025-09-10,833.0,798.8788333333333,True
2025-09-11,834.76,799.796,True
2025-09-12,847.08,800.8721666666667,True
2025-09-15,852.69,801.8915,True
2025-09-16,851.84,803.009,True
2025-09-17,845.53,803.7523333333334,True
2025-09-18,857.11,804.734,True
2025-09-19,863.11,805.9866666666666,True
2025-09-22,874.36,807.5333333333333,True
2025-09-23,872.21,809.0451666666667,True
2025-09-24,860.94,810.3330000000001,True
2025-09-25,852.48,811.5048333333333,True
2025-09-26,835.19,812.2025,True
2025-09-29,846.71,813.3843333333333,True
2025-09-30,841.99,814.4431666666666,True
2025-10-01,845.34,815.4615,True
2025-10-02,854.25,816.5263333333334,True
2025-10-10,859.49,817.5561666666667,True
2025-10-13,860.49,818.5565,True
2025-10-14,847.96,819.3663333333334,True
2025-10-15,864.72,820.2303333333333,True
2025-10-16,865.41,821.1166666666667,True
2025-10-17,859.54,821.8045000000001,True
2025-10-20,875.77,822.7228333333333,True
2025-10-21,872.5,823.5696666666666,True
2025-10-22,879.15,824.6726666666667,True
2025-10-23,872.03,825.6471666666667,True
2025-10-24,883.08,826.8670000000001,True
2025-10-27,902.7,828.4628333333333,True
2025-10-28,903.3,830.1111666666667,True
2025-10-29,901.59,831.7301666666666,True
2025-10-30,890.86,833.1833333333333,True
2025-10-31,900.42,834.7696666666667,True
2025-11-03,914.55,837.1323333333333,True
2025-11-04,926.57,839.5074999999999,True
2025-11-05,901.89,841.2289999999999,True
2025-11-06,898.17,842.8070000000001,True
2025-11-07,876.81,843.9903333333333,True
2025-11-10,888.35,845.3083333333333,True
2025-11-11,884.27,846.5153333333333,True
2025-11-12,906.51,848.1706666666666,True
2025-11-13,918.37,849.9085,True
2025-11-14,897.9,851.2858333333334,True
2025-11-17,902.67,853.0295000000001,True
2025-11-18,878.7,854.5418333333332,True
2025-11-19,871.32,856.1036666666666,True
2025-11-20,891.94,858.0153333333333,True
2025-11-21,863.95,859.3726666666666,True
2025-11-24,856.44,860.3463333333333,False
2025-11-25,856.03,861.2525,False
2025-11-26,877.32,862.5125,True
2025-11-27,880.06,863.873,True
2025-11-28,912.67,865.8023333333333,True
2025-12-01,922.38,868.092,True
2025-12-02,928.42,870.3323333333333,True
2025-12-03,932.01,872.5856666666666,True
2025-12-04,929.83,874.6591666666667,True
2025-12-05,924.74,876.5481666666667,True
2025-12-08,927.79,878.368,True
2025-12-09,931.35,880.1435,True
2025-12-10,935.0,881.8435000000001,True
2025-12-11,934.64,883.5081666666666,True
2025-12-12,937.34,885.0125,True
2025-12-15,938.83,886.4481666666668,True
2025-12-16,916.11,887.5193333333334,True
2025-12-17,911.07,888.6116666666668,True
2025-12-18,901.33,889.3486666666666,True
2025-12-19,915.27,890.2180000000001,True
2025-12-22,929.14,891.131,True
2025-12-23,919.56,891.9201666666667,True
2025-12-24,915.2,892.8245000000001,True
2025-12-26,919.67,893.9443333333334,True
2025-12-29,932.59,895.5676666666666,True
2025-12-30,925.47,896.8803333333333,True
2026-01-02,945.57,898.6066666666667,True
2026-01-05,957.5,900.476,True
2026-01-06,955.97,902.1713333333333,True
2026-01-07,947.39,903.6363333333334,True
2026-01-08,944.06,905.0291666666667,True
2026-01-09,947.92,906.6951666666666,True
2026-01-12,949.81,908.1133333333333,True
2026-01-13,948.98,909.5061666666667,True
2026-01-14,942.18,910.8834999999999,True
2026-01-15,951.16,912.14,True
2026-01-16,954.59,913.5081666666666,True
2026-01-19,968.36,914.995,True
2026-01-20,976.37,916.734,True
2026-01-21,951.29,917.8708333333333,True
2026-01-22,970.35,918.9983333333333,True
2026-01-23,993.93,920.5088333333333,True
2026-01-26,1064.41,923.2225000000001,True
2026-01-27,1082.59,926.418,True
2026-01-28,1133.52,930.303,True
2026-01-29,1164.41,934.4673333333334,True
2026-01-30,1149.44,938.1818333333334,True
2026-02-02,1098.36,941.4563333333334,True
2026-02-03,1144.33,945.5589999999999,True
2026-02-04,1149.43,950.1026666666666,True
2026-02-05,1108.41,953.7703333333334,True
2026-02-06,1080.77,957.0453333333334,True
2026-02-09,1127.55,960.7293333333333,True
2026-02-10,1115.2,964.0098333333333,True
2026-02-11,1114.87,967.626,True
2026-02-12,1125.99,971.348,True
2026-02-13,1106.08,975.1376666666667,True
2026-02-19,1160.71,979.9608333333333,True
2026-02-20,1154.0,984.3285,True
2026-02-23,1151.99,989.1291666666667,True
2026-02-24,1165.0,994.2718333333333,True
2026-02-25,1165.25,999.4254999999999,True
2026-02-26,1188.15,1004.606,True
2026-02-27,1192.78,1009.8179999999999,True
2026-03-03,1137.7,1013.5685,True
2026-03-04,978.44,1014.5028333333333,False
2026-03-05,1116.41,1017.6360000000001,True
2026-03-06,1154.67,1021.347,True
2026-03-09,1102.28,1024.2211666666667,True
2026-03-10,1137.68,1027.7701666666667,True
2026-03-11,1136.83,1031.2541666666666,True
2026-03-12,1148.4,1034.8716666666667,True
2026-03-13,1152.96,1038.5043333333333,True
2026-03-16,1138.29,1041.8985,True
2026-03-17,1136.94,1045.2251666666666,True
2026-03-18,1164.38,1048.9843333333333,True
2026-03-19,1143.48,1052.7738333333334,True
2026-03-20,1161.52,1056.9479999999999,True
2026-03-23,1096.89,1060.2073333333333,True
2026-03-24,1121.44,1063.6435,True
2026-03-25,1159.55,1067.4836666666665,True
2026-03-26,1136.64,1071.1016666666667,True
2026-03-27,1141.51,1074.8735,True
2026-03-30,1107.05,1077.9965,True
2026-03-31,1052.39,1079.9931666666666,False
2026-04-01,1116.18,1083.1716666666666,True
2026-04-02,1056.34,1085.0178333333333,False
2026-04-03,1063.75,1086.7886666666666,False
2026-04-06,1047.37,1088.3120000000001,False
2026-04-07,1036.73,1089.801,False
2026-04-08,1089.85,1092.2308333333335,False
2026-04-09,1076.0,1094.3654999999999,False
2026-04-10,1093.63,1096.7625,False
2026-04-13,1099.84,1099.2768333333333,True
2026-04-14,1121.88,1102.2718333333332,True
2026-04-15,1152.43,1105.6263333333334,True
2026-04-16,1162.97,1109.0993333333333,True
2026-04-17,1170.04,1112.4606666666666,True
2026-04-20,1174.85,1115.7686666666666,True
2026-04-21,1179.03,1119.5643333333333,True
2026-04-22,1181.12,1123.0771666666665,True
2026-04-23,1174.31,1126.0835,True
2026-04-24,1203.84,1128.4073333333333,True
2026-04-27,1226.18,1130.8005,True
2026-04-28,1215.58,1132.1681666666666,True
2026-04-29,1220.26,1133.0989999999997,True
2026-04-30,1192.35,1133.8141666666668,True
2026-05-04,1213.74,1135.7371666666668,True
2026-05-06,1210.17,1136.8345000000002,True
2026-05-07,1199.18,1137.6636666666666,True
2026-05-08,1207.72,1139.3188333333335,True
2026-05-11,1207.34,1141.4283333333333,True
2026-05-12,1179.29,1142.2906666666668,True
2026-05-13,1176.93,1143.3195,True
2026-05-14,1191.09,1144.5898333333337,True
2026-05-15,1129.82,1144.6536666666666,False
2026-05-18,1111.09,1144.7371666666666,False
2026-05-19,1084.36,1143.4646666666665,False
2026-05-20,1056.07,1141.8325,False
2026-05-21,1105.97,1141.0655000000002,False
2026-05-22,1161.13,1141.001,True
2026-05-26,1172.52,1141.1221666666668,True
2026-05-27,1133.13,1140.2051666666666,False
2026-05-28,1104.36,1138.7315,False
2026-05-29,1074.8,1137.6831666666667,False
2026-06-01,1050.03,1138.8763333333334,False
2026-06-02,1026.03,1137.3700000000001,False
2026-06-04,1049.73,1135.6209999999999,False
2026-06-05,1002.44,1133.9569999999999,False
2026-06-08,911.39,1130.1855,False
2026-06-09,967.81,1127.3685,False
2026-06-10,951.63,1124.0890000000002,False
2026-06-11,996.93,1121.4885,False
2026-06-12,1029.05,1119.6678333333334,False
2026-06-15,1034.03,1117.9526666666668,False
2026-06-16,1018.68,1115.5243333333335,False
2026-06-17,1031.96,1113.6656666666668,False
2026-06-18,1000.93,1110.9891666666667,False
2026-06-19,966.59,1108.8175,False
2026-06-22,968.4,1106.2668333333334,False
2026-06-23,891.52,1101.7996666666666,False
2026-06-24,909.31,1098.0108333333335,False
2026-06-25,887.81,1093.7825,False
2026-06-26,851.37,1089.5211666666667,False
2026-06-29,920.57,1087.3241666666665,False
2026-06-30,916.18,1083.9908333333333,False
2026-07-01,929.35,1081.8743333333334,False
2026-07-02,866.72,1078.5905,False
2026-07-03,868.41,1075.6078333333332,False
2026-07-06,847.07,1072.4468333333334,False
2026-07-07,831.23,1068.1364999999998,False
2026-07-08,785.0,1063.2865,False
2026-07-09,794.0,1058.2926666666667,False
2026-07-10,837.43,1053.9191666666666,False
2026-07-13,799.36,1048.5438333333334,False
2026-07-14,783.98,1042.403,False
2026-07-15,829.43,1036.844,False
2026-07-16,791.84,1030.5406666666665,False
2026-07-20,749.64,1023.4538333333333,False
2026-07-21,753.34,1016.359,False
2026-07-22,751.09,1009.1918333333332,False
2026-07-23,790.28,1002.7913333333332,False
2026-07-24,748.22,995.1976666666667,False
2026-07-27,764.86,987.509,False
2026-07-28,705.85,979.0134999999999,False
2026-07-29,662.68,969.7204999999999,False
2026-07-30,644.78,960.5943333333332,False
2026-07-31,719.76,952.3613333333334,False
2026-08-03,737.35,944.4809999999999,False
2026-08-04,780.72,937.5066666666667,False
2026-08-05,799.59,930.7045,False
2026-08-06,801.67,923.9433333333333,False
2026-08-07,798.81,917.602,False
2026-08-10,854.47,912.2276666666666,False
2026-08-11,857.84,906.6735000000001,False
2026-08-12,858.91,902.1583333333333,False
2026-08-13,861.37,897.9963333333333,False
2026-08-14,864.65,894.3345,False
2026-08-18,834.2,890.6366666666667,False
2026-08-19,824.46,885.9448333333333,False
2026-08-20,840.89,880.6075,False
2026-08-21,801.94,874.4311666666667,False
2026-08-24,813.33,869.1011666666667,False
2026-08-25,827.15,864.481,False
2026-08-26,826.87,860.3488333333333,False
2026-08-27,837.65,856.8091666666667,False
2026-08-28,838.41,853.6821666666667,False
2026-08-31,834.29,850.0915,False
