기준일,티커
2019-06-14,005930
2019-06-14,000660
2019-06-14,005380
2019-06-14,068270
2019-06-14,051910
2019-06-14,055550
2019-06-14,012330
2019-06-14,017670
2019-06-14,005490
2019-06-14,207940
2019-06-14,051900
2019-06-14,105560
2019-06-14,035420
2019-06-14,028260
2019-06-14,000270
2019-06-14,032830
2019-06-14,034730
2019-06-14,018260
2019-06-14,015760
2019-06-14,006400
2019-06-14,096770
2019-06-14,033780
2019-06-14,003550
2019-06-14,066570
2019-06-14,000810
2019-06-14,086790
2019-06-14,251270
2019-06-14,035720
2019-06-14,036570
2019-06-14,090430
2019-06-14,316140
2019-06-14,010950
2019-06-14,010130
2019-06-14,009540
2019-06-14,011170
2019-06-14,024110
2019-06-14,030200
2019-06-14,009150
2019-06-14,035250
2019-06-14,032640
2019-06-14,018880
2019-06-14,000720
2019-06-14,086280
2019-06-14,034220
2019-06-14,021240
2019-06-14,004020
2019-06-14,006800
2019-06-14,267250
2019-06-14,081660
2019-06-14,010140
2019-06-14,002790
2019-06-14,128940
2019-06-14,078930
2019-06-14,004990
2019-06-14,161390
2019-06-14,023530
2019-06-14,008930
2019-06-14,005830
2019-06-14,097950
2019-06-14,029780
2019-06-14,071050
2019-06-14,000210
2019-06-14,139480
2019-06-14,036460
2019-06-14,005940
2019-06-14,012750
2019-06-14,008770
2019-06-14,000120
2019-06-14,042660
2019-06-14,282330
2019-06-14,241560
2019-06-14,271560
2019-06-14,047810
2019-06-14,006360
2019-06-14,028050
2019-06-14,009830
2019-06-14,003410
2019-06-14,030000
2019-06-14,016360
2019-06-14,008560
2019-06-14,000100
2019-06-14,011780
2019-06-14,003490
2019-06-14,004170
2019-06-14,001040
2019-06-14,002380
2019-06-14,001450
2019-06-14,088350
2019-06-14,007070
2019-06-14,017800
2019-06-14,007310
2019-06-14,138930
2019-06-14,028670
2019-06-14,011070
2019-06-14,010060
2019-06-14,047050
2019-06-14,000880
2019-06-14,294870
2019-06-14,047040
2019-06-14,010620
2019-06-14,069960
2019-06-14,026960
2019-06-14,000150
2019-06-14,009240
2019-06-14,111770
2019-06-14,069620
2019-06-14,064350
2019-06-14,020150
2019-06-14,012450
2019-06-14,000080
2019-06-14,000240
2019-06-14,031430
2019-06-14,004800
2019-06-14,006260
2019-06-14,004370
2019-06-14,003240
2019-06-14,005300
2019-06-14,006280
2019-06-14,009420
2019-06-14,161890
2019-06-14,011790
2019-06-14,042670
2019-06-14,051600
2019-06-14,010120
2019-06-14,000670
2019-06-14,003000
2019-06-14,004000
2019-06-14,214320
2019-06-14,034020
2019-06-14,114090
2019-06-14,204320
2019-06-14,005440
2019-06-14,001740
2019-06-14,057050
2019-06-14,011210
2019-06-14,010780
2019-06-14,001800
2019-06-14,005250
2019-06-14,005850
2019-06-14,014820
2019-06-14,018250
2019-06-14,192820
2019-06-14,071840
2019-06-14,073240
2019-06-14,120110
2019-06-14,192400
2019-06-14,049770
2019-06-14,001680
2019-06-14,002350
2019-06-14,003520
2019-06-14,008060
2019-06-14,185750
2019-06-14,014680
2019-06-14,020000
2019-06-14,105630
2019-06-14,012630
2019-06-14,005610
2019-06-14,006650
2019-06-14,170900
2019-06-14,069260
2019-06-14,115390
2019-06-14,052690
2019-06-14,000990
2019-06-14,001060
2019-06-14,005180
2019-06-14,025540
2019-06-14,285130
2019-06-14,079160
2019-06-14,079550
2019-06-14,093370
2019-06-14,103140
2019-06-14,027410
2019-06-14,000070
2019-06-14,000640
2019-06-14,001120
2019-06-14,001230
2019-06-14,001430
2019-06-14,002270
2019-06-14,145990
2019-06-14,004490
2019-06-14,006390
2019-06-14,006840
2019-06-14,019680
2019-06-14,064960
2019-06-14,093050
2019-06-14,003620
2019-06-14,002240
2019-06-14,002960
2019-06-14,003850
2019-06-14,006120
2019-06-14,108670
2019-06-14,014830
2019-06-14,025860
2019-06-14,060980
2019-06-14,007570
2019-06-14,001520
2019-06-14,003920
2019-06-14,298040
2019-06-14,096760
2019-06-14,079430
2019-12-13,005930
2019-12-13,000660
2019-12-13,035420
2019-12-13,207940
2019-12-13,005380
2019-12-13,012330
2019-12-13,068270
2019-12-13,055550
2019-12-13,051910
2019-12-13,005490
2019-12-13,105560
2019-12-13,028260
2019-12-13,051900
2019-12-13,017670
2019-12-13,034730
2019-12-13,000270
2019-12-13,015760
2019-12-13,006400
2019-12-13,018260
2019-12-13,032830
2019-12-13,096770
2019-12-13,033780
2019-12-13,035720
2019-12-13,003550
2019-12-13,000810
2019-12-13,066570
2019-12-13,036570
2019-12-13,086790
2019-12-13,090430
2019-12-13,010950
2019-12-13,009150
2019-12-13,009540
2019-12-13,316140
2019-12-13,010130
2019-12-13,251270
2019-12-13,011170
2019-12-13,024110
2019-12-13,030200
2019-12-13,002790
2019-12-13,035250
2019-12-13,021240
2019-12-13,032640
2019-12-13,018880
2019-12-13,034220
2019-12-13,267250
2019-12-13,086280
2019-12-13,006800
2019-12-13,000720
2019-12-13,078930
2019-12-13,029780
2019-12-13,010140
2019-12-13,271560
2019-12-13,004020
2019-12-13,161390
2019-12-13,005830
2019-12-13,071050
2019-12-13,028050
2019-12-13,004990
2019-12-13,097950
2019-12-13,023530
2019-12-13,005940
2019-12-13,139480
2019-12-13,012750
2019-12-13,036460
2019-12-13,000120
2019-12-13,008770
2019-12-13,016360
2019-12-13,241560
2019-12-13,128940
2019-12-13,047810
2019-12-13,081660
2019-12-13,011070
2019-12-13,000210
2019-12-13,000100
2019-12-13,042660
2019-12-13,009830
2019-12-13,003410
2019-12-13,030000
2019-12-13,007070
2019-12-13,004170
2019-12-13,282330
2019-12-13,001040
2019-12-13,003490
2019-12-13,001450
2019-12-13,138930
2019-12-13,006360
2019-12-13,002380
2019-12-13,008560
2019-12-13,047050
2019-12-13,011780
2019-12-13,028670
2019-12-13,008930
2019-12-13,088350
2019-12-13,007310
2019-12-13,069960
2019-12-13,047040
2019-12-13,000080
2019-12-13,000880
2019-12-13,009420
2019-12-13,020150
2019-12-13,012450
2019-12-13,017800
2019-12-13,010620
2019-12-13,004800
2019-12-13,051600
2019-12-13,026960
2019-12-13,011790
2019-12-13,204320
2019-12-13,010120
2019-12-13,001740
2019-12-13,006260
2019-12-13,006280
2019-12-13,111770
2019-12-13,010060
2019-12-13,031430
2019-12-13,069620
2019-12-13,009240
2019-12-13,004370
2019-12-13,214320
2019-12-13,011210
2019-12-13,000240
2019-12-13,064350
2019-12-13,120110
2019-12-13,114090
2019-12-13,073240
2019-12-13,000150
2019-12-13,000670
2019-12-13,003240
2019-12-13,003520
2019-12-13,004000
2019-12-13,294870
2019-12-13,005440
2019-12-13,014680
2019-12-13,034020
2019-12-13,042670
2019-12-13,161890
2019-12-13,005300
2019-12-13,000990
2019-12-13,001800
2019-12-13,005250
2019-12-13,185750
2019-12-13,057050
2019-12-13,170900
2019-12-13,010780
2019-12-13,002350
2019-12-13,003000
2019-12-13,069260
2019-12-13,049770
2019-12-13,005850
2019-12-13,001680
2019-12-13,285130
2019-12-13,006650
2019-12-13,008060
2019-12-13,014820
2019-12-13,018250
2019-12-13,020000
2019-12-13,052690
2019-12-13,071840
2019-12-13,079160
2019-12-13,079550
2019-12-13,093370
2019-12-13,115390
2019-12-13,192400
2019-12-13,192820
2019-12-13,005610
2019-12-13,000640
2019-12-13,001060
2019-12-13,001120
2019-12-13,001230
2019-12-13,105630
2019-12-13,012630
2019-12-13,064960
2019-12-13,103140
2019-12-13,003850
2019-12-13,000070
2019-12-13,001430
2019-12-13,002270
2019-12-13,004490
2019-12-13,005180
2019-12-13,006120
2019-12-13,145990
2019-12-13,019680
2019-12-13,025540
2019-12-13,027410
2019-12-13,060980
2019-12-13,093050
2019-12-13,108670
2019-12-13,006390
2019-12-13,002240
2019-12-13,002960
2019-12-13,006840
2019-12-13,096760
2019-12-13,014830
2019-12-13,025860
2019-12-13,007570
2019-12-13,001520
2019-12-13,003620
2019-12-13,298040
2019-12-13,079430
2019-12-13,003920
2020-06-12,005930
2020-06-12,000660
2020-06-12,207940
2020-06-12,068270
2020-06-12,035420
2020-06-12,051910
2020-06-12,006400
2020-06-12,035720
2020-06-12,005380
2020-06-12,051900
2020-06-12,028260
2020-06-12,034730
2020-06-12,012330
2020-06-12,036570
2020-06-12,017670
2020-06-12,005490
2020-06-12,055550
2020-06-12,105560
2020-06-12,000270
2020-06-12,018260
2020-06-12,015760
2020-06-12,003550
2020-06-12,033780
2020-06-12,066570
2020-06-12,096770
2020-06-12,009150
2020-06-12,090430
2020-06-12,032830
2020-06-12,000810
2020-06-12,086790
2020-06-12,251270
2020-06-12,010950
2020-06-12,010130
2020-06-12,009540
2020-06-12,316140
2020-06-12,030200
2020-06-12,011170
2020-06-12,024110
2020-06-12,032640
2020-06-12,271560
2020-06-12,021240
2020-06-12,018880
2020-06-12,180640
2020-06-12,035250
2020-06-12,097950
2020-06-12,006800
2020-06-12,002790
2020-06-12,010140
2020-06-12,267250
2020-06-12,034220
2020-06-12,086280
2020-06-12,011070
2020-06-12,003670
2020-06-12,000720
2020-06-12,000100
2020-06-12,004990
2020-06-12,000120
2020-06-12,078930
2020-06-12,012750
2020-06-12,005830
2020-06-12,029780
2020-06-12,139480
2020-06-12,128940
2020-06-12,000210
2020-06-12,009830
2020-06-12,007070
2020-06-12,008770
2020-06-12,004020
2020-06-12,161390
2020-06-12,000080
2020-06-12,071050
2020-06-12,241560
2020-06-12,005940
2020-06-12,042660
2020-06-12,016360
2020-06-12,003410
2020-06-12,001040
2020-06-12,036460
2020-06-12,282330
2020-06-12,003000
2020-06-12,028050
2020-06-12,023530
2020-06-12,081660
2020-06-12,047810
2020-06-12,004170
2020-06-12,001450
2020-06-12,011780
2020-06-12,011790
2020-06-12,020150
2020-06-12,008930
2020-06-12,006360
2020-06-12,007310
2020-06-12,008560
2020-06-12,004370
2020-06-12,028670
2020-06-12,009240
2020-06-12,030000
2020-06-12,003490
2020-06-12,000880
2020-06-12,047050
2020-06-12,009420
2020-06-12,006280
2020-06-12,069620
2020-06-12,011200
2020-06-12,016380
2020-06-12,007700
2020-06-12,026960
2020-06-12,138930
2020-06-12,017800
2020-06-12,069960
2020-06-12,047040
2020-06-12,192080
2020-06-12,294870
2020-06-12,014680
2020-06-12,010620
2020-06-12,051600
2020-06-12,004800
2020-06-12,010120
2020-06-12,031430
2020-06-12,185750
2020-06-12,204320
2020-06-12,012450
2020-06-12,034020
2020-06-12,042670
2020-06-12,064350
2020-06-12,007570
2020-06-12,111770
2020-06-12,000990
2020-06-12,001740
2020-06-12,002380
2020-06-12,006260
2020-06-12,088350
2020-06-12,285130
2020-06-12,009410
2020-06-12,005250
2020-06-12,161890
2020-06-12,214320
2020-06-12,011210
2020-06-12,020560
2020-06-12,004000
2020-06-12,073240
2020-06-12,000240
2020-06-12,003520
2020-06-12,032350
2020-06-12,192820
2020-06-12,010780
2020-06-12,020000
2020-06-12,057050
2020-06-12,114090
2020-06-12,120110
2020-06-12,000670
2020-06-12,001060
2020-06-12,001680
2020-06-12,001800
2020-06-12,003240
2020-06-12,005300
2020-06-12,005440
2020-06-12,010060
2020-06-12,284740
2020-06-12,170900
2020-06-12,241590
2020-06-12,049770
2020-06-12,069260
2020-06-12,006650
2020-06-12,093370
2020-06-12,000150
2020-06-12,003850
2020-06-12,079550
2020-06-12,000640
2020-06-12,001120
2020-06-12,001230
2020-06-12,002350
2020-06-12,005180
2020-06-12,005610
2020-06-12,012630
2020-06-12,014820
2020-06-12,018250
2020-06-12,052690
2020-06-12,064960
2020-06-12,071840
2020-06-12,103140
2020-06-12,108670
2020-06-12,115390
2020-06-12,192400
2020-06-12,105630
2020-06-12,000070
2020-06-12,079160
2020-06-12,006390
2020-06-12,006120
2020-06-12,004490
2020-06-12,145990
2020-06-12,093050
2020-06-12,060980
2020-06-12,027410
2020-06-12,025860
2020-06-12,019680
2020-06-12,014830
2020-06-12,002270
2020-06-12,002240
2020-06-12,001430
2020-12-11,005930
2020-12-11,000660
2020-12-11,051910
2020-12-11,207940
2020-12-11,068270
2020-12-11,035420
2020-12-11,005380
2020-12-11,006400
2020-12-11,035720
2020-12-11,000270
2020-12-11,028260
2020-12-11,051900
2020-12-11,005490
2020-12-11,012330
2020-12-11,017670
2020-12-11,105560
2020-12-11,036570
2020-12-11,055550
2020-12-11,034730
2020-12-11,096770
2020-12-11,066570
2020-12-11,015760
2020-12-11,032830
2020-12-11,018260
2020-12-11,326030
2020-12-11,003550
2020-12-11,090430
2020-12-11,009150
2020-12-11,033780
2020-12-11,251270
2020-12-11,086790
2020-12-11,011170
2020-12-11,000810
2020-12-11,018880
2020-12-11,019170
2020-12-11,010950
2020-12-11,009540
2020-12-11,316140
2020-12-11,010130
2020-12-11,009830
2020-12-11,024110
2020-12-11,086280
2020-12-11,030200
2020-12-11,006800
2020-12-11,003670
2020-12-11,352820
2020-12-11,034220
2020-12-11,097950
2020-12-11,004020
2020-12-11,021240
2020-12-11,035250
2020-12-11,032640
2020-12-11,003490
2020-12-11,271560
2020-12-11,008930
2020-12-11,161390
2020-12-11,002790
2020-12-11,267250
2020-12-11,000100
2020-12-11,285130
2020-12-11,011200
2020-12-11,010140
2020-12-11,000720
2020-12-11,139480
2020-12-11,071050
2020-12-11,011780
2020-12-11,128940
2020-12-11,006280
2020-12-11,029780
2020-12-11,011070
2020-12-11,180640
2020-12-11,016360
2020-12-11,000120
2020-12-11,034020
2020-12-11,004990
2020-12-11,003410
2020-12-11,078930
2020-12-11,005940
2020-12-11,011790
2020-12-11,008770
2020-12-11,005830
2020-12-11,241560
2020-12-11,012750
2020-12-11,006360
2020-12-11,000210
2020-12-11,023530
2020-12-11,042660
2020-12-11,039490
2020-12-11,026960
2020-12-11,036460
2020-12-11,003090
2020-12-11,007070
2020-12-11,008560
2020-12-11,336260
2020-12-11,081660
2020-12-11,028050
2020-12-11,001040
2020-12-11,004170
2020-12-11,204320
2020-12-11,112610
2020-12-11,047810
2020-12-11,000080
2020-12-11,006260
2020-12-11,282330
2020-12-11,030000
2020-12-11,009240
2020-12-11,028670
2020-12-11,020150
2020-12-11,000880
2020-12-11,001450
2020-12-11,007310
2020-12-11,185750
2020-12-11,047040
2020-12-11,088350
2020-12-11,010620
2020-12-11,004370
2020-12-11,009420
2020-12-11,010120
2020-12-11,138930
2020-12-11,042670
2020-12-11,047050
2020-12-11,064350
2020-12-11,014680
2020-12-11,000990
2020-12-11,003000
2020-12-11,004800
2020-12-11,005250
2020-12-11,294870
2020-12-11,010780
2020-12-11,017800
2020-12-11,069620
2020-12-11,069960
2020-12-11,010060
2020-12-11,000240
2020-12-11,002380
2020-12-11,003520
2020-12-11,272210
2020-12-11,006650
2020-12-11,013890
2020-12-11,111770
2020-12-11,004000
2020-12-11,007700
2020-12-11,051600
2020-12-11,012450
2020-12-11,011210
2020-12-11,001740
2020-12-11,006120
2020-12-11,007570
2020-12-11,016380
2020-12-11,020560
2020-12-11,214320
2020-12-11,032350
2020-12-11,073240
2020-12-11,114090
2020-12-11,120110
2020-12-11,031430
2020-12-11,000150
2020-12-11,000670
2020-12-11,001120
2020-12-11,005300
2020-12-11,192820
2020-12-11,069260
2020-12-11,093370
2020-12-11,161890
2020-12-11,192080
2020-12-11,057050
2020-12-11,001230
2020-12-11,001680
2020-12-11,001800
2020-12-11,003240
2020-12-11,003850
2020-12-11,005440
2020-12-11,284740
2020-12-11,020000
2020-12-11,071840
2020-12-11,079160
2020-12-11,103140
2020-12-11,241590
2020-12-11,014820
2020-12-11,001060
2020-12-11,002350
2020-12-11,003230
2020-12-11,004490
2020-12-11,005610
2020-12-11,012630
2020-12-11,192400
2020-12-11,049770
2020-12-11,052690
2020-12-11,064960
2020-12-11,079550
2020-12-11,105630
2020-12-11,108670
2020-12-11,018250
2020-12-11,000070
2020-12-11,005180
2020-12-11,006390
2020-12-11,145990
2020-12-11,009410
2020-12-11,115390
2020-12-11,008350
2021-06-11,005930
2021-06-11,000660
2021-06-11,035420
2021-06-11,035720
2021-06-11,051910
2021-06-11,207940
2021-06-11,005380
2021-06-11,006400
2021-06-11,068270
2021-06-11,000270
2021-06-11,005490
2021-06-11,012330
2021-06-11,028260
2021-06-11,096770
2021-06-11,066570
2021-06-11,017670
2021-06-11,051900
2021-06-11,105560
2021-06-11,055550
2021-06-11,034730
2021-06-11,036570
2021-06-11,015760
2021-06-11,032830
2021-06-11,090430
2021-06-11,011200
2021-06-11,003550
2021-06-11,018260
2021-06-11,086790
2021-06-11,009150
2021-06-11,302440
2021-06-11,003490
2021-06-11,251270
2021-06-11,033780
2021-06-11,010950
2021-06-11,361610
2021-06-11,003670
2021-06-11,034020
2021-06-11,352820
2021-06-11,009540
2021-06-11,000810
2021-06-11,326030
2021-06-11,018880
2021-06-11,011170
2021-06-11,009830
2021-06-11,030200
2021-06-11,010130
2021-06-11,316140
2021-06-11,034220
2021-06-11,024110
2021-06-11,004020
2021-06-11,086280
2021-06-11,097950
2021-06-11,032640
2021-06-11,161390
2021-06-11,011780
2021-06-11,002790
2021-06-11,035250
2021-06-11,006800
2021-06-11,000720
2021-06-11,071050
2021-06-11,021240
2021-06-11,267250
2021-06-11,011790
2021-06-11,180640
2021-06-11,011070
2021-06-11,241560
2021-06-11,271560
2021-06-11,139480
2021-06-11,008930
2021-06-11,004990
2021-06-11,000100
2021-06-11,010140
2021-06-11,078930
2021-06-11,019170
2021-06-11,003410
2021-06-11,042660
2021-06-11,028050
2021-06-11,016360
2021-06-11,008770
2021-06-11,128940
2021-06-11,029780
2021-06-11,028670
2021-06-11,047040
2021-06-11,006360
2021-06-11,006280
2021-06-11,000120
2021-06-11,036460
2021-06-11,005940
2021-06-11,005830
2021-06-11,023530
2021-06-11,042670
2021-06-11,010620
2021-06-11,081660
2021-06-11,112610
2021-06-11,047810
2021-06-11,282330
2021-06-11,285130
2021-06-11,336260
2021-06-11,020150
2021-06-11,026960
2021-06-11,039490
2021-06-11,088350
2021-06-11,001040
2021-06-11,012750
2021-06-11,030000
2021-06-11,004170
2021-06-11,007070
2021-06-11,010060
2021-06-11,298020
2021-06-11,008560
2021-06-11,204320
2021-06-11,014680
2021-06-11,002380
2021-06-11,000080
2021-06-11,375500
2021-06-11,064350
2021-06-11,047050
2021-06-11,001440
2021-06-11,012450
2021-06-11,009240
2021-06-11,138930
2021-06-11,011210
2021-06-11,000990
2021-06-11,006260
2021-06-11,000880
2021-06-11,017800
2021-06-11,069960
2021-06-11,003090
2021-06-11,001450
2021-06-11,001230
2021-06-11,073240
2021-06-11,004800
2021-06-11,000240
2021-06-11,111770
2021-06-11,052690
2021-06-11,051600
2021-06-11,016380
2021-06-11,272210
2021-06-11,294870
2021-06-11,007310
2021-06-11,010780
2021-06-11,010120
2021-06-11,069620
2021-06-11,000210
2021-06-11,120110
2021-06-11,004370
2021-06-11,005250
2021-06-11,001740
2021-06-11,006650
2021-06-11,298050
2021-06-11,032350
2021-06-11,003000
2021-06-11,031430
2021-06-11,185750
2021-06-11,004000
2021-06-11,013890
2021-06-11,000150
2021-06-11,004490
2021-06-11,005300
2021-06-11,161890
2021-06-11,003240
2021-06-11,192820
2021-06-11,214320
2021-06-11,000670
2021-06-11,001120
2021-06-11,001800
2021-06-11,003520
2021-06-11,003850
2021-06-11,005440
2021-06-11,009420
2021-06-11,014820
2021-06-11,020560
2021-06-11,079160
2021-06-11,103140
2021-06-11,114090
2021-06-11,192080
2021-06-11,000070
2021-06-11,057050
2021-06-11,284740
2021-06-11,241590
2021-06-11,192400
2021-06-11,105630
2021-06-11,093370
2021-06-11,079550
2021-06-11,071840
2021-06-11,069260
2021-06-11,001680
2021-06-11,006040
2021-06-11,006120
2021-06-11,020000
2021-06-11,064960
2021-06-11,115390
2021-06-11,383800
2021-06-11,049770
2021-06-11,002350
2021-06-11,007570
2021-06-11,108670
2021-06-11,003230
2021-06-11,001060
2021-06-11,007700
2021-12-10,005930
2021-12-10,000660
2021-12-10,035420
2021-12-10,207940
2021-12-10,035720
2021-12-10,051910
2021-12-10,006400
2021-12-10,005380
2021-12-10,000270
2021-12-10,323410
2021-12-10,068270
2021-12-10,377300
2021-12-10,005490
2021-12-10,105560
2021-12-10,259960
2021-12-10,012330
2021-12-10,028260
2021-12-10,066570
2021-12-10,096770
2021-12-10,055550
2021-12-10,302440
2021-12-10,034730
2021-12-10,051900
2021-12-10,036570
2021-12-10,352820
2021-12-10,015760
2021-12-10,003550
2021-12-10,032830
2021-12-10,011200
2021-12-10,009150
2021-12-10,086790
2021-12-10,018260
2021-12-10,361610
2021-12-10,017670
2021-12-10,033780
2021-12-10,034020
2021-12-10,003670
2021-12-10,251270
2021-12-10,090430
2021-12-10,003490
2021-12-10,000810
2021-12-10,010950
2021-12-10,010130
2021-12-10,329180
2021-12-10,316140
2021-12-10,402340
2021-12-10,326030
2021-12-10,024110
2021-12-10,034220
2021-12-10,030200
2021-12-10,011170
2021-12-10,018880
2021-12-10,011070
2021-12-10,009830
2021-12-10,011790
2021-12-10,009540
2021-12-10,032640
2021-12-10,086280
2021-12-10,006800
2021-12-10,097950
2021-12-10,000720
2021-12-10,021240
2021-12-10,020150
2021-12-10,004020
2021-12-10,011780
2021-12-10,035250
2021-12-10,010140
2021-12-10,161390
2021-12-10,071050
2021-12-10,138040
2021-12-10,267250
2021-12-10,028050
2021-12-10,016360
2021-12-10,000100
2021-12-10,139480
2021-12-10,241560
2021-12-10,180640
2021-12-10,271560
2021-12-10,005940
2021-12-10,005830
2021-12-10,003410
2021-12-10,002790
2021-12-10,029780
2021-12-10,008930
2021-12-10,014680
2021-12-10,078930
2021-12-10,052690
2021-12-10,128940
2021-12-10,006360
2021-12-10,008560
2021-12-10,036460
2021-12-10,007070
2021-12-10,004990
2021-12-10,000120
2021-12-10,028670
2021-12-10,336260
2021-12-10,298050
2021-12-10,000990
2021-12-10,026960
2021-12-10,008770
2021-12-10,002380
2021-12-10,272210
2021-12-10,047810
2021-12-10,138930
2021-12-10,012750
2021-12-10,010620
2021-12-10,282330
2021-12-10,010060
2021-12-10,039490
2021-12-10,042660
2021-12-10,298020
2021-12-10,088350
2021-12-10,030000
2021-12-10,285130
2021-12-10,006280
2021-12-10,204320
2021-12-10,001040
2021-12-10,004170
2021-12-10,023530
2021-12-10,047040
2021-12-10,047050
2021-12-10,112610
2021-12-10,375500
2021-12-10,000880
2021-12-10,081660
2021-12-10,064350
2021-12-10,012450
2021-12-10,000080
2021-12-10,001450
2021-12-10,004000
2021-12-10,120110
2021-12-10,009240
2021-12-10,011210
2021-12-10,004800
2021-12-10,000150
2021-12-10,111770
2021-12-10,093370
2021-12-10,003090
2021-12-10,004370
2021-12-10,006260
2021-12-10,007310
2021-12-10,069960
2021-12-10,019170
2021-12-10,051600
2021-12-10,069620
2021-12-10,017800
2021-12-10,000240
2021-12-10,001230
2021-12-10,001440
2021-12-10,005850
2021-12-10,294870
2021-12-10,010120
2021-12-10,014820
2021-12-10,020560
2021-12-10,178920
2021-12-10,009900
2021-12-10,000210
2021-12-10,005250
2021-12-10,006650
2021-12-10,185750
2021-12-10,013890
2021-12-10,073240
2021-12-10,079550
2021-12-10,010780
2021-12-10,000670
2021-12-10,001740
2021-12-10,003240
2021-12-10,003850
2021-12-10,004490
2021-12-10,192820
2021-12-10,009420
2021-12-10,016380
2021-12-10,031430
2021-12-10,032350
2021-12-10,192080
2021-12-10,005300
2021-12-10,001120
2021-12-10,001800
2021-12-10,003000
2021-12-10,003520
2021-12-10,006120
2021-12-10,020000
2021-12-10,284740
2021-12-10,079160
2021-12-10,103140
2021-12-10,105630
2021-12-10,161890
2021-12-10,241590
2021-12-10,069260
2021-12-10,000070
2021-12-10,001680
2021-12-10,005440
2021-12-10,192400
2021-12-10,049770
2021-12-10,057050
2021-12-10,114090
2021-12-10,006040
2021-12-10,002350
2021-12-10,064960
2021-12-10,042670
2022-06-10,005930
2022-06-10,373220
2022-06-10,000660
2022-06-10,207940
2022-06-10,035420
2022-06-10,051910
2022-06-10,005380
2022-06-10,006400
2022-06-10,035720
2022-06-10,000270
2022-06-10,005490
2022-06-10,105560
2022-06-10,096770
2022-06-10,068270
2022-06-10,028260
2022-06-10,055550
2022-06-10,012330
2022-06-10,323410
2022-06-10,034730
2022-06-10,066570
2022-06-10,015760
2022-06-10,011200
2022-06-10,010950
2022-06-10,086790
2022-06-10,259960
2022-06-10,032830
2022-06-10,003550
2022-06-10,017670
2022-06-10,329180
2022-06-10,034020
2022-06-10,033780
2022-06-10,009150
2022-06-10,377300
2022-06-10,018260
2022-06-10,316140
2022-06-10,051900
2022-06-10,010130
2022-06-10,003670
2022-06-10,036570
2022-06-10,030200
2022-06-10,003490
2022-06-10,000810
2022-06-10,302440
2022-06-10,352820
2022-06-10,011070
2022-06-10,090430
2022-06-10,361610
2022-06-10,024110
2022-06-10,009830
2022-06-10,086280
2022-06-10,011170
2022-06-10,251270
2022-06-10,009540
2022-06-10,326030
2022-06-10,402340
2022-06-10,011790
2022-06-10,034220
2022-06-10,035250
2022-06-10,018880
2022-06-10,032640
2022-06-10,097950
2022-06-10,047810
2022-06-10,004020
2022-06-10,267250
2022-06-10,010140
2022-06-10,011780
2022-06-10,383220
2022-06-10,028050
2022-06-10,000720
2022-06-10,021240
2022-06-10,006800
2022-06-10,161390
2022-06-10,000060
2022-06-10,005830
2022-06-10,036460
2022-06-10,078930
2022-06-10,137310
2022-06-10,000100
2022-06-10,180640
2022-06-10,003410
2022-06-10,138040
2022-06-10,071050
2022-06-10,004990
2022-06-10,020150
2022-06-10,128940
2022-06-10,029780
2022-06-10,028670
2022-06-10,002790
2022-06-10,271560
2022-06-10,241560
2022-06-10,008560
2022-06-10,005940
2022-06-10,016360
2022-06-10,010620
2022-06-10,006360
2022-06-10,139480
2022-06-10,010060
2022-06-10,002380
2022-06-10,008770
2022-06-10,008930
2022-06-10,282330
2022-06-10,023530
2022-06-10,047050
2022-06-10,272210
2022-06-10,012450
2022-06-10,000990
2022-06-10,001450
2022-06-10,030000
2022-06-10,014680
2022-06-10,007070
2022-06-10,000120
2022-06-10,052690
2022-06-10,047040
2022-06-10,026960
2022-06-10,000080
2022-06-10,001440
2022-06-10,004170
2022-06-10,012750
2022-06-10,336260
2022-06-10,064350
2022-06-10,138930
2022-06-10,204320
2022-06-10,042660
2022-06-10,000880
2022-06-10,112610
2022-06-10,039490
2022-06-10,001040
2022-06-10,004000
2022-06-10,006260
2022-06-10,006280
2022-06-10,298050
2022-06-10,111770
2022-06-10,285130
2022-06-10,088350
2022-06-10,069620
2022-06-10,375500
2022-06-10,093370
2022-06-10,081660
2022-06-10,004800
2022-06-10,005300
2022-06-10,009240
2022-06-10,011210
2022-06-10,298020
2022-06-10,069960
2022-06-10,079550
2022-06-10,120110
2022-06-10,016380
2022-06-10,001120
2022-06-10,001230
2022-06-10,003090
2022-06-10,004370
2022-06-10,051600
2022-06-10,010120
2022-06-10,010780
2022-06-10,014820
2022-06-10,007310
2022-06-10,000150
2022-06-10,000210
2022-06-10,000240
2022-06-10,271940
2022-06-10,017800
2022-06-10,019170
2022-06-10,005850
2022-06-10,000670
2022-06-10,001740
2022-06-10,020560
2022-06-10,031430
2022-06-10,300720
2022-06-10,042670
2022-06-10,073240
2022-06-10,178920
2022-06-10,032350
2022-06-10,003240
2022-06-10,005250
2022-06-10,006650
2022-06-10,381970
2022-06-10,013890
2022-06-10,185750
2022-06-10,009900
2022-06-10,001800
2022-06-10,294870
2022-06-10,004490
2022-06-10,005440
2022-06-10,006040
2022-06-10,009420
2022-06-10,020000
2022-06-10,039130
2022-06-10,069260
2022-06-10,103140
2022-06-10,105630
2022-06-10,114090
2022-06-10,161890
2022-06-10,192080
2022-06-10,241590
2022-06-10,003850
2022-06-10,000070
2022-06-10,001680
2022-06-10,284740
2022-06-10,192820
2022-06-10,057050
2022-12-09,005930
2022-12-09,373220
2022-12-09,000660
2022-12-09,207940
2022-12-09,006400
2022-12-09,051910
2022-12-09,005380
2022-12-09,035420
2022-12-09,000270
2022-12-09,035720
2022-12-09,068270
2022-12-09,005490
2022-12-09,028260
2022-12-09,105560
2022-12-09,012330
2022-12-09,055550
2022-12-09,096770
2022-12-09,003670
2022-12-09,034730
2022-12-09,066570
2022-12-09,032830
2022-12-09,086790
2022-12-09,015760
2022-12-09,033780
2022-12-09,323410
2022-12-09,003550
2022-12-09,010130
2022-12-09,051900
2022-12-09,017670
2022-12-09,011200
2022-12-09,036570
2022-12-09,009150
2022-12-09,329180
2022-12-09,034020
2022-12-09,018260
2022-12-09,030200
2022-12-09,000810
2022-12-09,010950
2022-12-09,003490
2022-12-09,316140
2022-12-09,259960
2022-12-09,009830
2022-12-09,377300
2022-12-09,024110
2022-12-09,090430
2022-12-09,011070
2022-12-09,352820
2022-12-09,302440
2022-12-09,011170
2022-12-09,086280
2022-12-09,097950
2022-12-09,383220
2022-12-09,326030
2022-12-09,035250
2022-12-09,009540
2022-12-09,032640
2022-12-09,000060
2022-12-09,267250
2022-12-09,402340
2022-12-09,034220
2022-12-09,018880
2022-12-09,271560
2022-12-09,138040
2022-12-09,004020
2022-12-09,005830
2022-12-09,361610
2022-12-09,028050
2022-12-09,047810
2022-12-09,010140
2022-12-09,000100
2022-12-09,000720
2022-12-09,251270
2022-12-09,078930
2022-12-09,021240
2022-12-09,161390
2022-12-09,011780
2022-12-09,006800
2022-12-09,029780
2022-12-09,011790
2022-12-09,004990
2022-12-09,008560
2022-12-09,282330
2022-12-09,241560
2022-12-09,137310
2022-12-09,010620
2022-12-09,128940
2022-12-09,071050
2022-12-09,012450
2022-12-09,005940
2022-12-09,007070
2022-12-09,036460
2022-12-09,016360
2022-12-09,028670
2022-12-09,008770
2022-12-09,002790
2022-12-09,064350
2022-12-09,003410
2022-12-09,030000
2022-12-09,139480
2022-12-09,112610
2022-12-09,047050
2022-12-09,001450
2022-12-09,020150
2022-12-09,006040
2022-12-09,012750
2022-12-09,180640
2022-12-09,023530
2022-12-09,001040
2022-12-09,004170
2022-12-09,138930
2022-12-09,014680
2022-12-09,039490
2022-12-09,008930
2022-12-09,000120
2022-12-09,000880
2022-12-09,006260
2022-12-09,010060
2022-12-09,026960
2022-12-09,336260
2022-12-09,088350
2022-12-09,111770
2022-12-09,204320
2022-12-09,272210
2022-12-09,052690
2022-12-09,001440
2022-12-09,002380
2022-12-09,004370
2022-12-09,081660
2022-12-09,042660
2022-12-09,047040
2022-12-09,006360
2022-12-09,000080
2022-12-09,000990
2022-12-09,079550
2022-12-09,069620
2022-12-09,007310
2022-12-09,004800
2022-12-09,298050
2022-12-09,042670
2022-12-09,010120
2022-12-09,001120
2022-12-09,004000
2022-12-09,005300
2022-12-09,006280
2022-12-09,375500
2022-12-09,051600
2022-12-09,069960
2022-12-09,285130
2022-12-09,298020
2022-12-09,011210
2022-12-09,000150
2022-12-09,000210
2022-12-09,000240
2022-12-09,120110
2022-12-09,001230
2022-12-09,014820
2022-12-09,000670
2022-12-09,003090
2022-12-09,005850
2022-12-09,006650
2022-12-09,009240
2022-12-09,280360
2022-12-09,019170
2022-12-09,093370
2022-12-09,114090
2022-12-09,271940
2022-12-09,017800
2022-12-09,001740
2022-12-09,001800
2022-12-09,010780
2022-12-09,185750
2022-12-09,031430
2022-12-09,039130
2022-12-09,161890
2022-12-09,020560
2022-12-09,001680
2022-12-09,300720
2022-12-09,003850
2022-12-09,005250
2022-12-09,009420
2022-12-09,009900
2022-12-09,016380
2022-12-09,032350
2022-12-09,069260
2022-12-09,073240
2022-12-09,103140
2022-12-09,178920
2022-12-09,192080
2022-12-09,192820
2022-12-09,003240
2022-12-09,004490
2022-12-09,005440
2022-12-09,013890
2022-12-09,020000
2022-12-09,381970
2022-12-09,105630
2022-12-09,284740
2022-12-09,294870
2022-12-09,057050
2022-12-09,241590
2023-06-09,005930
2023-06-09,373220
2023-06-09,000660
2023-06-09,207940
2023-06-09,051910
2023-06-09,006400
2023-06-09,005380
2023-06-09,005490
2023-06-09,000270
2023-06-09,035420
2023-06-09,003670
2023-06-09,035720
2023-06-09,068270
2023-06-09,012330
2023-06-09,066570
2023-06-09,028260
2023-06-09,105560
2023-06-09,055550
2023-06-09,096770
2023-06-09,003550
2023-06-09,032830
2023-06-09,034730
2023-06-09,086790
2023-06-09,015760
2023-06-09,323410
2023-06-09,034020
2023-06-09,352820
2023-06-09,033780
2023-06-09,000810
2023-06-09,329180
2023-06-09,009150
2023-06-09,017670
2023-06-09,010130
2023-06-09,018260
2023-06-09,259960
2023-06-09,011200
2023-06-09,138040
2023-06-09,316140
2023-06-09,051900
2023-06-09,010950
2023-06-09,003490
2023-06-09,024110
2023-06-09,009830
2023-06-09,030200
2023-06-09,011170
2023-06-09,011070
2023-06-09,009540
2023-06-09,377300
2023-06-09,361610
2023-06-09,036570
2023-06-09,086280
2023-06-09,402340
2023-06-09,047050
2023-06-09,090430
2023-06-09,302440
2023-06-09,241560
2023-06-09,034220
2023-06-09,326030
2023-06-09,005830
2023-06-09,028050
2023-06-09,010140
2023-06-09,012450
2023-06-09,047810
2023-06-09,271560
2023-06-09,032640
2023-06-09,018880
2023-06-09,383220
2023-06-09,097950
2023-06-09,267250
2023-06-09,251270
2023-06-09,000100
2023-06-09,006800
2023-06-09,004020
2023-06-09,000720
2023-06-09,161390
2023-06-09,011790
2023-06-09,128940
2023-06-09,035250
2023-06-09,011780
2023-06-09,078930
2023-06-09,064350
2023-06-09,029780
2023-06-09,021240
2023-06-09,112610
2023-06-09,282330
2023-06-09,016360
2023-06-09,010620
2023-06-09,005940
2023-06-09,042660
2023-06-09,071050
2023-06-09,004990
2023-06-09,001570
2023-06-09,180640
2023-06-09,001450
2023-06-09,008770
2023-06-09,003410
2023-06-09,052690
2023-06-09,272210
2023-06-09,000990
2023-06-09,028670
2023-06-09,006260
2023-06-09,020150
2023-06-09,004370
2023-06-09,039490
2023-06-09,001040
2023-06-09,014680
2023-06-09,007070
2023-06-09,008930
2023-06-09,002790
2023-06-09,081660
2023-06-09,088350
2023-06-09,036460
2023-06-09,000880
2023-06-09,023530
2023-06-09,139480
2023-06-09,042670
2023-06-09,111770
2023-06-09,138930
2023-06-09,030000
2023-06-09,298050
2023-06-09,010120
2023-06-09,204320
2023-06-09,336260
2023-06-09,004170
2023-06-09,026960
2023-06-09,012750
2023-06-09,005420
2023-06-09,000120
2023-06-09,001440
2023-06-09,002380
2023-06-09,006360
2023-06-09,007310
2023-06-09,047040
2023-06-09,079550
2023-06-09,175330
2023-06-09,000080
2023-06-09,000150
2023-06-09,004000
2023-06-09,005850
2023-06-09,298020
2023-06-09,011210
2023-06-09,017800
2023-06-09,051600
2023-06-09,137310
2023-06-09,010060
2023-06-09,004800
2023-06-09,375500
2023-06-09,006280
2023-06-09,001120
2023-06-09,005300
2023-06-09,009900
2023-06-09,010780
2023-06-09,014820
2023-06-09,285130
2023-06-09,069960
2023-06-09,073240
2023-06-09,093370
2023-06-09,120110
2023-06-09,139130
2023-06-09,069620
2023-06-09,000240
2023-06-09,000670
2023-06-09,001230
2023-06-09,001740
2023-06-09,009240
2023-06-09,280360
2023-06-09,103140
2023-06-09,114090
2023-06-09,185750
2023-06-09,271940
2023-06-09,009420
2023-06-09,000210
2023-06-09,300720
2023-06-09,003090
2023-06-09,003230
2023-06-09,006650
2023-06-09,016380
2023-06-09,019170
2023-06-09,020560
2023-06-09,032350
2023-06-09,039130
2023-06-09,069260
2023-06-09,161890
2023-06-09,178920
2023-06-09,192820
2023-06-09,294870
2023-06-09,001800
2023-06-09,001680
2023-06-09,003240
2023-06-09,004490
2023-06-09,381970
2023-06-09,031430
2023-06-09,105630
2023-06-09,192080
2023-06-09,005250
2023-06-09,003850
2023-06-09,013890
2023-06-09,284740
2023-06-09,057050
2023-06-09,020000
