티커,시장
060310,KOSDAQ
095570,KOSPI
006840,KOSPI
054620,KOSDAQ
079810,KOSDAQ
265520,KOSDAQ
211270,KOSDAQ
027410,KOSPI
282330,KOSPI
126600,KOSDAQ
138930,KOSPI
001460,KOSPI
001465,KOSPI
083790,KOSDAQ
001040,KOSPI
079160,KOSPI
035760,KOSDAQ GLOBAL
311690,KOSDAQ
00104K,KOSPI
000120,KOSPI
011150,KOSPI
011155,KOSPI
001045,KOSPI
097950,KOSPI
097955,KOSPI
051500,KOSDAQ
058820,KOSDAQ
056730,KOSDAQ
000480,KOSPI
065770,KOSDAQ
083660,KOSDAQ
000590,KOSPI
012030,KOSPI
477760,KOSDAQ
005830,KOSPI
016610,KOSPI
000990,KOSPI
099520,KOSDAQ
000300,KOSPI
290120,KOSDAQ
025440,KOSDAQ
001530,KOSPI
015590,KOSPI
000210,KOSPI
000215,KOSPI
375500,KOSPI
37550L,KOSPI
37550K,KOSPI
068790,KOSDAQ
007340,KOSPI
004840,KOSPI
241520,KOSDAQ
155660,KOSPI
069730,KOSPI
017860,KOSPI
180400,KOSDAQ
092780,KOSPI
017940,KOSPI
418620,KOSDAQ
245620,KOSDAQ
037370,KOSDAQ
278990,KONEX
365550,KOSPI
050120,KOSDAQ
383220,KOSPI
007700,KOSPI
214270,KOSDAQ
032620,KOSDAQ
130500,KOSDAQ
114090,KOSPI
019570,KOSDAQ
900290,KOSDAQ
078930,KOSPI
083450,KOSDAQ
006360,KOSPI
001250,KOSPI
007070,KOSPI
078935,KOSPI
499790,KOSPI
297890,KOSDAQ
440290,KOSDAQ
078150,KOSDAQ
225530,KOSDAQ
060560,KOSDAQ
012630,KOSPI
039570,KOSPI
089470,KOSPI
267270,KOSPI
009540,KOSPI
267250,KOSPI
443060,KOSPI
071970,KOSPI
322000,KOSPI
267260,KOSPI
329180,KOSPI
376270,KOSDAQ
097230,KOSPI
195940,KOSDAQ GLOBAL
014790,KOSPI
028300,KOSDAQ
003580,KOSPI
278650,KOSDAQ
067630,KOSDAQ
024850,KOSDAQ
187420,KOSDAQ
047920,KOSDAQ
115450,KOSDAQ
046210,KOSDAQ
196300,KOSDAQ
204320,KOSPI
060980,KOSPI
011200,KOSPI
403870,KOSDAQ GLOBAL
036640,KOSDAQ
035000,KOSPI
002460,KOSPI
487570,KOSPI
298050,KOSPI
469480,KOSDAQ
0099X0,KOSDAQ
015360,KOSPI
294870,KOSPI
095340,KOSDAQ
175330,KOSPI
950170,KOSDAQ
234080,KOSPI
067290,KOSDAQ
001060,KOSPI
001067,KOSPI
001065,KOSPI
096760,KOSPI
035900,KOSDAQ GLOBAL
318000,KOSDAQ
008970,KOSPI
024840,KOSDAQ
105560,KOSPI
415640,KOSPI
432320,KOSPI
024120,KOSDAQ
478390,KOSDAQ
486630,KOSDAQ
492220,KOSDAQ
0037T0,KOSDAQ
0072Z0,KOSDAQ
002380,KOSPI
021320,KOSDAQ
344820,KOSPI
009070,KOSPI
009440,KOSPI
112190,KONEX
119650,KOSPI
044180,KOSDAQ
092220,KOSPI
003620,KOSPI
016380,KOSPI
151860,KOSDAQ
035600,KOSDAQ
001390,KOSPI
046440,KOSDAQ
060720,KOSDAQ
001940,KOSPI
058400,KOSDAQ
025000,KOSPI
092230,KOSPI
000040,KOSPI
044450,KOSPI
101000,KOSDAQ
030200,KOSPI
033780,KOSPI
058850,KOSPI
058860,KOSPI
089600,KOSDAQ
418470,KOSDAQ
043610,KOSDAQ
122450,KOSDAQ
052900,KOSDAQ
036560,KOSDAQ
061970,KOSDAQ
309960,KOSDAQ
093050,KOSPI
003550,KOSPI
034220,KOSPI
051900,KOSPI
051905,KOSPI
064400,KOSPI
373220,KOSPI
003555,KOSPI
032640,KOSPI
011070,KOSPI
066570,KOSPI
066575,KOSPI
037560,KOSPI
051910,KOSPI
051915,KOSPI
079550,KOSPI
073490,KOSDAQ
225190,KOSDAQ
006260,KOSPI
010120,KOSPI
091970,KOSDAQ
000680,KOSPI
060370,KOSDAQ
417200,KOSDAQ
229640,KOSPI
078020,KOSDAQ
322180,KOSDAQ
108320,KOSPI
001120,KOSPI
108670,KOSPI
108675,KOSPI
383800,KOSPI
38380K,KOSPI
476080,KOSDAQ
009810,KOSPI
086960,KOSDAQ
023150,KOSPI
123010,KOSDAQ
035420,KOSPI
036570,KOSPI
160550,KOSDAQ
053290,KOSDAQ
181710,KOSPI
060250,KOSDAQ
104200,KOSDAQ
054050,KOSDAQ
400760,KOSPI
005940,KOSPI
005945,KOSPI
338100,KOSPI
034310,KOSPI
063570,KOSDAQ
030190,KOSPI
008260,KOSPI
004250,KOSPI
004255,KOSPI
456040,KOSPI
010060,KOSPI
178920,KOSPI
001340,KOSPI
024940,KOSDAQ
005490,KOSPI
332570,KOSDAQ
218410,KOSDAQ
327260,KOSDAQ
474610,KOSDAQ
091340,KOSDAQ
010950,KOSPI
010955,KOSPI
419530,KOSDAQ
019550,KOSDAQ
034120,KOSPI
003080,KOSPI
246960,KOSDAQ
099220,KOSDAQ
056190,KOSDAQ GLOBAL
222080,KOSDAQ GLOBAL
036540,KOSDAQ
255220,KOSDAQ
040610,KOSDAQ
184230,KOSDAQ
016250,KOSDAQ
005090,KOSPI
001380,KOSPI
004060,KOSPI
001770,KOSPI
002360,KOSPI
009160,KOSPI
033530,KOSPI
123700,KOSPI
025530,KOSPI
034730,KOSPI
357880,KOSDAQ
011790,KOSPI
018670,KOSPI
001740,KOSPI
006120,KOSPI
006125,KOSPI
210980,KOSPI
395400,KOSPI
302440,KOSPI
326030,KOSPI
402340,KOSPI
260870,KONEX
361610,KOSPI
100090,KOSPI
03473K,KOSPI
096770,KOSPI
096775,KOSPI
475150,KOSPI
001510,KOSPI
001515,KOSPI
285130,KOSPI
28513K,KOSPI
017670,KOSPI
000660,KOSPI
048550,KOSDAQ
063440,KOSDAQ
003570,KOSPI
064960,KOSPI
100840,KOSPI
036530,KOSPI
067160,KOSDAQ GLOBAL
000390,KOSPI
011810,KOSPI
465770,KOSPI
077970,KOSPI
002820,KOSPI
289080,KOSDAQ
002170,KOSPI
041930,KOSDAQ
084870,KOSPI
002710,KOSPI
089230,KOSDAQ
032540,KOSDAQ
069260,KOSPI
007980,KOSPI
048770,KOSDAQ
246690,KOSDAQ
317240,KOSDAQ
002900,KOSPI
024070,KOSPI
057030,KOSDAQ
037270,KOSPI
040300,KOSDAQ
051390,KOSDAQ
052220,KOSDAQ
139130,KOSPI
079940,KOSDAQ
078890,KOSDAQ
000500,KOSPI
399720,KOSDAQ
296520,KONEX
036620,KOSDAQ
000860,KOSPI
198440,KOSDAQ
217730,KOSDAQ
035250,KOSPI
114190,KOSDAQ
094480,KOSDAQ
011420,KOSPI
039240,KOSDAQ
053950,KOSDAQ
002100,KOSPI
009450,KOSPI
267290,KOSPI
012320,KOSPI
011040,KOSDAQ
000050,KOSPI
214390,KOSPI
012610,KOSPI
009140,KOSPI
024910,KOSDAQ
013580,KOSPI
012200,KOSPI
012205,KOSPI
002140,KOSPI
049720,KOSDAQ
010130,KOSPI
002240,KOSPI
014570,KOSDAQ
348150,KOSDAQ
950190,KOSDAQ
098460,KOSDAQ
035290,KOSDAQ
215000,KOSDAQ
121440,KOSDAQ
009290,KOSPI
086220,KONEX
017040,KOSPI
029480,KOSDAQ
017900,KOSPI
037710,KOSPI
026910,KOSDAQ
465320,KOSDAQ
482520,KOSDAQ
489210,KOSDAQ
0041B0,KOSDAQ
0098T0,KOSDAQ
0132G0,KOSDAQ
030610,KOSPI
339770,KOSPI
053270,KOSDAQ
007690,KOSPI
066620,KOSDAQ
043650,KOSDAQ
006050,KOSDAQ
060480,KOSDAQ
078130,KOSDAQ
307750,KOSDAQ
002720,KOSPI
035080,KOSDAQ
318060,KOSDAQ
453450,KOSDAQ
204020,KOSDAQ
0015G0,KOSDAQ
402490,KOSDAQ
114450,KOSDAQ
083420,KOSPI
186230,KOSDAQ
014530,KOSPI
900070,KOSDAQ
204620,KOSDAQ
019660,KOSDAQ
014280,KOSPI
014285,KOSPI
053260,KOSDAQ
008870,KOSPI
001570,KOSPI
282720,KOSDAQ
002990,KOSPI
002995,KOSPI
011780,KOSPI
011785,KOSPI
214330,KOSPI
001210,KOSPI
073240,KOSPI
036190,KOSDAQ
049080,KOSDAQ
420770,KOSDAQ
282620,KOSDAQ
035460,KOSDAQ
092440,KOSPI
000270,KOSPI
024110,KOSPI
013700,KOSPI
004540,KOSPI
004545,KOSPI
407400,KOSDAQ
187790,KOSDAQ
238540,KONEX
121600,KOSDAQ
286750,KOSDAQ
247660,KOSDAQ
039860,KOSDAQ
417010,KOSDAQ
244880,KONEX
405920,KOSDAQ
478340,KOSDAQ
051490,KOSDAQ
137080,KOSDAQ
190510,KOSDAQ
242040,KOSDAQ
293580,KOSDAQ
459510,KOSDAQ
138610,KOSDAQ
130580,KOSDAQ
036800,KOSDAQ
366030,KOSDAQ
267320,KOSDAQ
001260,KOSPI
008350,KOSPI
008355,KOSPI
004270,KOSPI
003920,KOSPI
003925,KOSPI
025860,KOSPI
111710,KOSDAQ
091590,KOSDAQ
168330,KOSDAQ
094860,KOSDAQ
0218L0,KOSDAQ
253590,KOSDAQ
212560,KOSDAQ
095660,KOSDAQ
042420,KOSDAQ
950220,KOSDAQ
311390,KOSDAQ
085910,KOSDAQ
092730,KOSDAQ
153460,KOSDAQ
007390,KOSDAQ
033640,KOSDAQ
330860,KOSDAQ
351320,KOSDAQ
005720,KOSPI
005725,KOSPI
002350,KOSPI
002355,KOSPI
089140,KOSDAQ
389650,KOSDAQ
137940,KOSDAQ
396270,KOSDAQ
348210,KOSDAQ
092790,KOSPI
225570,KOSDAQ
205500,KOSDAQ
217270,KOSDAQ
251270,KOSPI
317860,KONEX
104620,KOSDAQ
090350,KOSPI
090355,KOSPI
000320,KOSPI
000325,KOSPI
473980,KOSDAQ
194700,KOSDAQ
285490,KOSDAQ
145170,KOSDAQ
229500,KONEX
376930,KOSDAQ
486990,KOSDAQ
006280,KOSPI
142280,KOSDAQ
234690,KOSDAQ
005250,KOSPI
005257,KOSPI
004370,KOSPI
072710,KOSPI
069140,KOSDAQ
040160,KOSDAQ
332290,KOSDAQ
348340,KOSDAQ
380550,KOSDAQ
060260,KOSDAQ
463020,KOSDAQ
123840,KOSDAQ
012340,KOSDAQ
462310,KOSDAQ
270870,KOSDAQ
144960,KOSDAQ
085670,KOSDAQ
417030,KOSDAQ
064260,KOSDAQ
340360,KOSDAQ
039560,KOSDAQ
208860,KOSDAQ
154040,KOSDAQ
058730,KOSPI
030210,KOSPI
023590,KOSPI
032190,KOSDAQ
323350,KOSDAQ
068240,KOSDAQ
145210,KOSPI
290660,KOSDAQ
483650,KOSPI
464580,KOSDAQ
019680,KOSPI
019685,KOSPI
006370,KOSPI
008060,KOSPI
00806K,KOSPI
353200,KOSPI
35320K,KOSPI
000490,KOSPI
178600,KONEX
020400,KOSDAQ
008830,KOSDAQ
048470,KOSDAQ
004780,KOSDAQ
005750,KOSPI
017650,KOSDAQ
006570,KOSPI
389260,KOSDAQ
317850,KOSDAQ
290670,KOSDAQ
078140,KOSDAQ
065150,KOSDAQ
001680,KOSPI
001685,KOSPI
084690,KOSPI
084695,KOSPI
036480,KOSDAQ
128820,KOSPI
117580,KOSPI
027830,KOSDAQ
129920,KOSDAQ
016710,KOSPI
471050,KOSDAQ
482690,KOSDAQ
0134X0,KOSDAQ
0030R0,KOSPI
020180,KOSDAQ
003540,KOSPI
003547,KOSPI
003545,KOSPI
045390,KOSDAQ
009190,KOSPI
108380,KOSDAQ
014160,KOSPI
047040,KOSPI
003090,KOSPI
069620,KOSPI
007680,KOSDAQ
000430,KOSPI
048910,KOSDAQ
005710,KOSDAQ
006340,KOSPI
006345,KOSPI
003220,KOSPI
024890,KOSPI
120240,KOSDAQ
003310,KOSDAQ
114920,KONEX
078600,KOSDAQ
393970,KOSDAQ
012800,KOSPI
015230,KOSPI
096350,KOSDAQ
140520,KOSDAQ
131220,KOSDAQ
010170,KOSDAQ
054670,KOSDAQ
001070,KOSPI
023910,KOSDAQ
006650,KOSPI
001440,KOSPI
084010,KOSPI
001790,KOSPI
001795,KOSPI
001130,KOSPI
439260,KOSPI
003490,KOSPI
003495,KOSPI
005880,KOSPI
003830,KOSPI
016090,KOSPI
069460,KOSPI
021040,KOSDAQ
021045,KOSDAQ
067080,KOSDAQ
298540,KOSDAQ
032860,KOSDAQ
475560,KOSPI
192080,KOSPI
393890,KOSDAQ
299170,KOSDAQ
462860,KOSDAQ
224060,KOSDAQ
302920,KONEX
403850,KOSDAQ
213420,KOSDAQ
317330,KOSDAQ
077360,KOSDAQ
004830,KOSPI
004835,KOSPI
090410,KOSDAQ
0001A0,KOSDAQ
263600,KOSDAQ
194480,KOSDAQ
373160,KOSDAQ
263800,KOSDAQ
199150,KONEX
206560,KOSDAQ
261200,KOSDAQ
145720,KOSPI
227420,KONEX
484120,KOSDAQ
067990,KOSDAQ
002150,KOSPI
006620,KOSDAQ
100130,KOSDAQ
005160,KOSDAQ
303810,KOSDAQ
460850,KOSPI
075970,KOSDAQ
460860,KOSPI
086450,KOSDAQ GLOBAL
001230,KOSPI
023450,KOSPI
004140,KOSPI
240550,KOSDAQ
099410,KOSDAQ
007590,KOSPI
005960,KOSPI
005965,KOSPI
026960,KOSPI
002210,KOSPI
102260,KOSPI
033500,KOSDAQ
025950,KOSDAQ
000640,KOSPI
170900,KOSPI
088130,KOSDAQ
028100,KOSPI
001520,KOSPI
001527,KOSPI
084670,KOSPI
082640,KOSPI
060380,KOSDAQ
001525,KOSPI
079960,KOSDAQ
228340,KOSDAQ
088910,KOSDAQ
094170,KOSDAQ
013120,KOSDAQ
018500,KOSPI
006040,KOSPI
030720,KOSPI
014820,KOSPI
014825,KOSPI
111380,KOSPI
163560,KOSPI
109860,KOSDAQ
032960,KOSDAQ
004890,KOSPI
023790,KOSDAQ
002690,KOSPI
005290,KOSDAQ
025900,KOSDAQ
000020,KOSPI
000150,KOSPI
000157,KOSPI
454910,KOSPI
241560,KOSPI
034020,KOSPI
000155,KOSPI
131970,KOSDAQ GLOBAL
336260,KOSPI
33626K,KOSPI
33626L,KOSPI
016740,KOSPI
073190,KOSDAQ
176750,KOSDAQ
030350,KOSDAQ
203650,KOSDAQ
223250,KOSDAQ
060570,KOSDAQ
362990,KOSDAQ
192650,KOSPI
016670,KOSDAQ
187870,KOSDAQ
489730,KOSDAQ
0004Y0,KOSDAQ
024090,KOSPI
003160,KOSPI
092200,KOSPI
110990,KOSDAQ
263690,KOSDAQ
214680,KOSDAQ
347850,KOSDAQ
377190,KOSPI
263720,KOSDAQ
376300,KOSDAQ
104040,KOSDAQ
109740,KOSDAQ
031860,KOSDAQ
196490,KOSDAQ
066900,KOSDAQ
092070,KOSDAQ
039840,KOSDAQ
013570,KOSPI
024900,KOSPI
219550,KOSDAQ
310870,KOSDAQ
002880,KOSPI
210540,KOSPI
104460,KOSDAQ
113810,KOSDAQ
043360,KOSDAQ
197140,KOSDAQ
068930,KOSDAQ
033130,KOSDAQ
105740,KOSDAQ
263020,KOSDAQ
290550,KOSDAQ
066670,KOSDAQ
187220,KOSDAQ
383930,KOSDAQ
131180,KOSDAQ
483350,KOSDAQ
315640,KOSDAQ
900110,KOSDAQ
317120,KOSDAQ
462510,KOSDAQ
232680,KOSDAQ
042510,KOSDAQ
418420,KOSDAQ
300120,KOSDAQ
171120,KOSDAQ
388790,KOSDAQ
214260,KOSDAQ
403360,KONEX
171010,KOSDAQ
084650,KOSDAQ
217500,KOSDAQ
092590,KONEX
266170,KONEX
038390,KOSDAQ
387690,KOSDAQ
294140,KOSDAQ
365660,KOSDAQ
443250,KOSDAQ
228670,KOSDAQ
228850,KOSDAQ
412350,KOSDAQ
199550,KOSDAQ
281740,KOSDAQ
277810,KOSDAQ
215100,KOSDAQ
090360,KOSDAQ
108490,KOSDAQ
900260,KOSDAQ
033290,KOSDAQ
223220,KONEX
067730,KOSDAQ
071280,KOSDAQ
376900,KOSDAQ
214610,KOSDAQ
032350,KOSPI
089860,KOSPI
330590,KOSPI
000400,KOSPI
023530,KOSPI
020150,KOSPI
280360,KOSPI
286940,KOSPI
004000,KOSPI
004990,KOSPI
00499K,KOSPI
005300,KOSPI
005305,KOSPI
011170,KOSPI
071840,KOSPI
328130,KOSDAQ
038060,KOSDAQ
474170,KOSDAQ
162120,KONEX
195990,KOSDAQ
253610,KONEX
141080,KOSDAQ GLOBAL
058470,KOSDAQ GLOBAL
016100,KOSDAQ
012700,KOSDAQ
302550,KOSDAQ
491000,KOSDAQ
394420,KOSDAQ
073570,KOSDAQ
377450,KOSDAQ
277070,KOSDAQ
042500,KOSDAQ
193250,KOSDAQ
474650,KOSDAQ
219420,KOSDAQ
439090,KOSDAQ
027740,KOSPI
195500,KOSDAQ
357430,KOSPI
377480,KOSDAQ
305090,KOSDAQ
448780,KONEX
098120,KOSDAQ
424980,KOSDAQ
038290,KOSDAQ
477850,KOSDAQ
001080,KOSPI
0039P0,KOSDAQ
267980,KOSDAQ
005990,KOSDAQ
093520,KOSDAQ
088980,KOSPI
094800,KOSPI
179720,KONEX
100590,KOSDAQ
067280,KOSDAQ
072870,KOSDAQ
215200,KOSDAQ
133750,KOSDAQ
446540,KOSDAQ
235980,KOSDAQ
200580,KONEX
041920,KOSDAQ
233250,KONEX
014100,KOSDAQ
236340,KONEX
054180,KOSDAQ
086900,KOSDAQ
078160,KOSDAQ
138040,KOSPI
0088D0,KOSDAQ
0165X0,KOSDAQ
408920,KOSDAQ
021880,KOSDAQ
0088M0,KOSDAQ
140410,KOSDAQ
241770,KOSDAQ
090370,KOSPI
059210,KOSDAQ
118000,KOSPI
058110,KOSDAQ
072770,KOSDAQ
017180,KOSPI
009900,KOSPI
317450,KOSPI
012690,KOSPI
005360,KOSPI
070960,KOSPI
434480,KOSDAQ
080420,KOSDAQ
417970,KOSDAQ
080160,KOSDAQ
087260,KOSDAQ
101330,KOSDAQ
012860,KOSDAQ
363260,KOSDAQ
348030,KOSDAQ
250060,KOSDAQ
288980,KOSDAQ
142760,KOSDAQ
033200,KOSDAQ
009680,KOSPI
118990,KOSDAQ
463480,KOSDAQ
006920,KOSDAQ
009580,KOSPI
001810,KOSDAQ
009200,KOSPI
322970,KONEX
033920,KOSPI
008420,KOSPI
279600,KOSDAQ
095500,KOSDAQ
254490,KOSDAQ
025560,KOSPI
218150,KOSDAQ
007120,KOSPI
396690,KOSPI
357250,KOSPI
100790,KOSDAQ
0097F0,KOSDAQ
0099W0,KOSDAQ
477380,KOSDAQ
477470,KOSDAQ
478440,KOSDAQ
482680,KOSDAQ
0093G0,KOSDAQ
0096D0,KOSDAQ
085620,KOSPI
006800,KOSPI
00680K,KOSPI
006805,KOSPI
208890,KONEX
049950,KOSDAQ
207760,KOSDAQ
081660,KOSPI
002840,KOSPI
268280,KOSPI
107590,KOSPI
134380,KOSPI
351020,KONEX
003650,KOSPI
059090,KOSDAQ
201490,KOSDAQ
475460,KOSDAQ
452200,KOSDAQ
206640,KOSDAQ
035620,KOSDAQ
354390,KONEX
053030,KOSDAQ
301300,KOSDAQ
377740,KOSPI
064550,KOSDAQ
314930,KOSDAQ
489460,KOSDAQ
086820,KOSDAQ
038460,KOSDAQ
251120,KOSDAQ
199730,KOSDAQ
266470,KONEX
289170,KONEX
086040,KOSDAQ
188040,KOSDAQ
199290,KONEX
099430,KOSDAQ
308080,KOSDAQ
043150,KOSDAQ
323990,KOSDAQ
003610,KOSPI
267790,KOSDAQ
046310,KOSDAQ
035150,KOSPI
331520,KOSDAQ
199480,KOSDAQ
438700,KOSDAQ
066410,KOSDAQ
002410,KOSPI
382900,KOSDAQ
206400,KOSDAQ
019010,KOSDAQ
177350,KOSDAQ
457600,KOSDAQ
424760,KOSDAQ
007210,KOSPI
250000,KOSDAQ
002760,KOSPI
003850,KOSPI
310210,KOSDAQ
006910,KOSDAQ
0010F0,KOSDAQ
000890,KOSPI
226340,KOSDAQ
496320,KONEX
206950,KONEX
003000,KOSPI
001270,KOSPI
001275,KOSPI
026940,KOSPI
014470,KOSDAQ
011390,KOSPI
005030,KOSPI
008470,KOSDAQ
338220,KOSDAQ
100120,KOSDAQ
406820,KOSDAQ
099390,KOSDAQ
064480,KOSDAQ
365900,KOSDAQ
089970,KOSDAQ
251630,KOSDAQ
018290,KOSDAQ
478560,KOSDAQ
006740,KOSPI
439580,KOSDAQ
033560,KOSDAQ
191600,KONEX
369370,KOSDAQ
126340,KOSDAQ
121800,KOSDAQ
082800,KOSDAQ
318410,KOSDAQ
002070,KOSPI
100220,KOSPI
419540,KOSDAQ
146320,KOSDAQ
200780,KOSDAQ
413640,KOSDAQ
141000,KOSDAQ
090460,KOSPI
083650,KOSDAQ
0068Y0,KOSDAQ
065170,KOSDAQ
086670,KOSDAQ
488900,KOSDAQ
082920,KOSDAQ GLOBAL
054220,KOSDAQ
042370,KOSDAQ
050090,KOSDAQ
148780,KOSDAQ
307870,KOSDAQ
377030,KOSDAQ
032850,KOSDAQ
049470,KOSDAQ
238200,KOSDAQ
093190,KOSDAQ
065450,KOSDAQ
044480,KOSDAQ
005180,KOSPI
069540,KOSDAQ
072950,KOSDAQ
451250,KOSDAQ
143240,KOSDAQ
466410,KOSDAQ
003960,KOSPI
008040,KOSPI
007160,KOSPI
014710,KOSPI
006090,KOSPI
223310,KOSDAQ
452430,KOSDAQ
419120,KOSDAQ
062040,KOSPI
122350,KOSDAQ
419050,KOSDAQ
014970,KOSDAQ
005610,KOSPI
018310,KOSDAQ
012210,KOSDAQ
053700,KOSDAQ
009620,KOSDAQ
023600,KOSDAQ
001470,KOSPI
028050,KOSPI
448730,KOSPI
006400,KOSPI
006405,KOSPI
006660,KOSPI
028260,KOSPI
02826K,KOSPI
207940,KOSPI
032830,KOSPI
0044K0,KOSDAQ
0071M0,KOSDAQ
0096B0,KOSDAQ
0115H0,KOSDAQ
018260,KOSPI
0126Z0,KOSPI
009150,KOSPI
009155,KOSPI
005930,KOSPI
005935,KOSPI
001360,KOSPI
010140,KOSPI
016360,KOSPI
068290,KOSPI
029780,KOSPI
000810,KOSPI
000815,KOSPI
006110,KOSPI
009300,KOSDAQ
0120G0,KOSPI
145990,KOSPI
145995,KOSPI
003230,KOSPI
482630,KOSDAQ
484590,KOSDAQ
036670,KOSDAQ
272550,KOSPI
000070,KOSPI
003720,KOSPI
002810,KOSPI
361670,KOSDAQ
054540,KOSDAQ
065570,KOSDAQ
005680,KOSPI
023000,KOSPI
004380,KOSPI
002450,KOSPI
014950,KOSDAQ
032280,KOSDAQ
002290,KOSDAQ
004440,KOSPI
000520,KOSPI
009770,KOSPI
037460,KOSDAQ
032750,KOSDAQ
0013V0,KOSDAQ
054090,KOSDAQ
005500,KOSPI
000250,KOSDAQ
004690,KOSPI
024950,KOSDAQ
038500,KOSDAQ GLOBAL
437730,KOSDAQ
017480,KOSDAQ
010960,KOSPI
046390,KOSDAQ
004450,KOSPI
009470,KOSPI
011230,KOSPI
001820,KOSPI
027580,KOSDAQ
038540,KOSDAQ
001290,KOSPI
041650,KOSPI
091580,KOSDAQ
263810,KOSDAQ
089980,KOSDAQ
042940,KOSDAQ
042600,KOSDAQ
075180,KOSPI
107600,KOSDAQ
411080,KOSDAQ
252990,KOSDAQ
007540,KOSPI
248170,KOSPI
378800,KOSDAQ
294630,KOSDAQ
038070,KOSDAQ
006730,KOSDAQ GLOBAL
079650,KOSDAQ
100660,KOSDAQ
007860,KOSPI
200880,KOSPI
019770,KOSDAQ
017390,KOSPI
092190,KOSDAQ
046890,KOSDAQ GLOBAL
031210,KOSPI
004410,KOSPI
004415,KOSPI
063170,KOSDAQ
027040,KOSDAQ
018680,KOSDAQ
036120,KOSDAQ
021050,KOSPI
093920,KOSDAQ
189860,KOSDAQ
178320,KOSDAQ
122690,KOSDAQ
140070,KOSDAQ
011370,KOSDAQ
065710,KOSDAQ
008490,KOSPI
035890,KOSDAQ
357550,KOSDAQ
003100,KOSDAQ
007610,KOSPI
067370,KOSDAQ
171090,KOSDAQ
136490,KOSPI
086710,KOSDAQ
014620,KOSDAQ GLOBAL
037350,KOSDAQ
014910,KOSPI
014915,KOSPI
004980,KOSPI
004985,KOSPI
458650,KOSDAQ
081580,KOSDAQ
045300,KOSDAQ
015750,KOSDAQ
340930,KOSDAQ
365340,KOSDAQ
000180,KOSPI
080470,KOSDAQ
043260,KOSDAQ
148150,KOSDAQ
002420,KOSPI
061090,KOSDAQ
188260,KOSDAQ
053060,KOSDAQ
340440,KOSDAQ
017510,KOSDAQ
0017J0,KOSDAQ
490470,KOSDAQ
004360,KOSPI
004365,KOSPI
004490,KOSPI
011560,KOSDAQ
267080,KONEX
396300,KOSDAQ
001430,KOSPI
306200,KOSPI
003030,KOSPI
058650,KOSPI
013000,KOSPI
100700,KOSDAQ
024830,KOSDAQ
021820,KOSPI
067830,KOSPI
258830,KOSDAQ
036630,KOSDAQ
039310,KOSDAQ
075580,KOSPI
067770,KOSDAQ
053450,KOSDAQ
252500,KOSDAQ
321370,KOSDAQ
347000,KOSDAQ
331920,KOSDAQ
352770,KOSDAQ
471820,KOSDAQ
049180,KOSDAQ
299660,KOSDAQ
108860,KOSDAQ
208370,KOSDAQ
318160,KOSDAQ
308430,KOSDAQ
068270,KOSPI
068760,KOSDAQ
068940,KOSDAQ
007720,KOSDAQ
950200,KOSDAQ
032680,KOSDAQ
032685,KOSDAQ
258790,KOSDAQ
066910,KOSDAQ
215090,KOSDAQ
238500,KONEX
336370,KOSPI
33637K,KOSPI
33637L,KOSPI
248070,KOSPI
035610,KOSDAQ
357780,KOSDAQ GLOBAL
036830,KOSDAQ GLOBAL
304100,KOSDAQ
328380,KOSDAQ
0203K0,KONEX
004430,KOSPI
086980,KOSDAQ
017550,KOSPI
050960,KOSDAQ
126720,KOSPI
084180,KOSDAQ
253840,KOSDAQ
185190,KONEX
298830,KOSDAQ
236200,KOSDAQ
094840,KOSDAQ
192440,KOSDAQ
424960,KOSDAQ
099440,KOSDAQ
066590,KOSDAQ
053210,KOSPI
276040,KOSDAQ
115570,KOSDAQ
330730,KOSDAQ
352090,KOSDAQ
253450,KOSDAQ GLOBAL
408900,KOSDAQ
415380,KOSDAQ
475040,KOSDAQ
026890,KOSPI
013810,KOSDAQ
347700,KOSDAQ
049830,KOSDAQ
020710,KOSDAQ
033170,KOSDAQ
048870,KOSDAQ
025320,KOSDAQ
134790,KOSPI
340810,KOSDAQ
056090,KOSDAQ
429270,KOSDAQ
418250,KOSDAQ
131090,KOSDAQ
462870,KOSPI
016590,KOSPI
290520,KOSDAQ
029530,KOSPI
004970,KOSPI
001000,KOSDAQ
025870,KOSDAQ
215600,KOSDAQ
065350,KOSDAQ
416180,KOSDAQ
011930,KOSPI
004170,KOSPI
035510,KOSPI
031430,KOSPI
006880,KOSPI
162300,KOSDAQ
002800,KOSDAQ
472220,KOSDAQ
0091W0,KOSDAQ
005800,KOSPI
001720,KOSPI
009270,KOSPI
017000,KOSDAQ
002700,KOSPI
012790,KOSDAQ
138070,KOSDAQ
226330,KOSDAQ
002870,KOSPI
019170,KOSPI
019175,KOSPI
481850,KOSPI
404990,KOSPI
293940,KOSPI
474660,KOSDAQ
474930,KOSDAQ
487360,KOSDAQ
487830,KOSDAQ
496070,KOSDAQ
0130D0,KOSDAQ
0129K0,KOSDAQ
055550,KOSPI
056700,KOSDAQ
187270,KOSDAQ
095190,KOSDAQ
004080,KOSPI
243840,KOSDAQ
257720,KOSDAQ
222800,KOSDAQ GLOBAL
036710,KOSDAQ
444530,KOSDAQ
234030,KOSDAQ
160980,KOSDAQ
356890,KOSDAQ
217330,KOSDAQ
004770,KOSPI
217320,KONEX
208640,KOSDAQ
222420,KOSDAQ
037760,KOSDAQ
081180,KOSDAQ
099320,KOSDAQ
049960,KOSDAQ
088280,KOSDAQ
403550,KOSPI
050890,KOSDAQ
394800,KOSDAQ
177900,KOSDAQ
475400,KOSDAQ
109670,KOSDAQ
066790,KOSDAQ
004920,KOSPI
236030,KONEX
103660,KONEX
352480,KOSDAQ
245450,KONEX
264660,KOSDAQ
352700,KOSDAQ
458870,KOSDAQ
297090,KOSDAQ
112610,KOSPI
900120,KOSDAQ
359090,KOSDAQ
115530,KOSDAQ
388210,KOSDAQ
115480,KOSDAQ
376290,KOSDAQ
189330,KOSDAQ
096530,KOSDAQ GLOBAL
480370,KOSPI
101240,KOSDAQ
060590,KOSDAQ
308170,KOSPI
260930,KOSDAQ
413630,KOSDAQ
013990,KOSDAQ
175140,KOSDAQ
123860,KOSDAQ
025980,KOSDAQ
008700,KOSPI
0015N0,KOSDAQ
261780,KOSDAQ
290690,KOSDAQ
125210,KOSDAQ
090430,KOSPI
090435,KOSPI
002790,KOSPI
00279K,KOSPI
002795,KOSPI
357580,KOSDAQ
052710,KOSDAQ
074430,KOSDAQ
092040,KOSDAQ
083930,KOSDAQ
149950,KOSDAQ
036010,KOSDAQ
002030,KOSPI
183190,KOSPI
002310,KOSPI
050860,KOSDAQ
012170,KOSPI
136410,KOSDAQ
246720,KOSDAQ
450950,KOSDAQ
067390,KOSDAQ
159010,KOSDAQ
127710,KOSDAQ
267850,KOSPI
020560,KOSPI
154030,KOSDAQ
227610,KOSDAQ
331740,KOSDAQ
143160,KOSDAQ
054800,KOSDAQ
332370,KOSDAQ
066430,KOSDAQ
122900,KOSPI
339950,KOSDAQ
469750,KOSDAQ
460470,KOSDAQ
099190,KOSDAQ
461300,KOSDAQ
289010,KOSDAQ
214430,KOSDAQ
040910,KOSDAQ
368600,KOSDAQ
456010,KOSDAQ
052860,KOSDAQ
464500,KOSDAQ
010780,KOSPI
212710,KOSDAQ
038880,KOSDAQ
307180,KOSDAQ
403810,KONEX
493280,KOSDAQ
461030,KOSDAQ
456570,KONEX
451220,KOSDAQ
447690,KONEX
078860,KOSDAQ
090150,KOSDAQ
031310,KOSDAQ
462980,KOSDAQ
185490,KOSDAQ
059100,KOSDAQ
149010,KONEX
262840,KOSDAQ
175250,KOSDAQ
052460,KOSDAQ
119830,KOSDAQ
052770,KOSDAQ
124500,KOSDAQ
031820,KOSPI
010280,KOSDAQ
243870,KONEX
232830,KOSDAQ
372800,KOSDAQ
084850,KOSDAQ
309710,KOSDAQ
114840,KOSDAQ
027360,KOSDAQ
139990,KOSPI
032080,KOSDAQ
013310,KOSDAQ
059120,KOSDAQ
009320,KOSPI
0007C0,KOSDAQ
158430,KOSDAQ
297570,KOSDAQ
200350,KOSDAQ
321820,KOSDAQ
102950,KONEX
001540,KOSDAQ
053800,KOSDAQ
251280,KONEX
065660,KOSDAQ
001780,KOSPI
260660,KOSDAQ
354320,KOSDAQ
361570,KOSDAQ
131370,KOSDAQ
140670,KOSDAQ
096610,KOSDAQ
061040,KOSDAQ
148250,KOSDAQ
476830,KOSDAQ
347860,KOSDAQ
196170,KOSDAQ GLOBAL
123750,KOSDAQ
459550,KOSDAQ
085810,KOSDAQ
043100,KOSDAQ
117670,KOSDAQ
314140,KOSDAQ
293780,KOSDAQ
018250,KOSPI
161000,KOSPI
390110,KONEX
310200,KOSDAQ
179530,KOSDAQ
397810,KOSDAQ
0011A0,KOSDAQ
052790,KOSDAQ
290740,KOSDAQ
238090,KOSDAQ
138360,KOSDAQ
092600,KOSDAQ
129890,KOSDAQ
174900,KOSDAQ
109960,KOSDAQ
270520,KOSDAQ
255440,KOSDAQ
030960,KOSDAQ
102120,KOSDAQ
238120,KOSDAQ
224810,KONEX
019990,KOSDAQ
011090,KOSPI
435570,KOSDAQ
270660,KOSDAQ
038680,KOSDAQ
137310,KOSPI
217480,KOSDAQ
121890,KOSDAQ
304360,KOSDAQ
389500,KOSDAQ
042110,KOSDAQ
065420,KOSDAQ
270210,KONEX
103230,KOSDAQ
260970,KOSDAQ
101490,KOSDAQ GLOBAL
095910,KOSDAQ
275630,KOSDAQ
031330,KOSDAQ
060540,KOSDAQ
0008Z0,KOSDAQ
005850,KOSPI
246250,KOSDAQ
041510,KOSDAQ GLOBAL
010580,KOSPI
460870,KOSDAQ
464080,KOSDAQ
109610,KOSDAQ
365330,KOSDAQ
012750,KOSPI
306040,KOSDAQ
217910,KONEX
398120,KOSDAQ
472230,KOSDAQ
473000,KOSDAQ
473950,KOSDAQ
475660,KOSDAQ
096630,KOSDAQ
0070X0,KONEX
069510,KOSDAQ
488280,KOSDAQ
234300,KOSDAQ
039440,KOSDAQ
098660,KOSDAQ
052020,KOSDAQ
237690,KOSDAQ GLOBAL
458350,KOSDAQ
050760,KOSDAQ
288620,KOSDAQ
443670,KOSDAQ
317830,KOSDAQ
058610,KOSDAQ
043340,KOSDAQ
023960,KOSPI
163280,KOSDAQ
298690,KOSPI
200710,KOSDAQ
475580,KOSDAQ
096690,KOSDAQ
078520,KOSPI
298380,KOSDAQ GLOBAL
203400,KOSDAQ
003800,KOSDAQ
088800,KOSDAQ
241840,KOSDAQ
364950,KOSDAQ
453860,KOSDAQ
312610,KOSDAQ
015260,KOSPI
172670,KOSDAQ
234070,KONEX
481070,KOSDAQ
060900,KOSDAQ
445090,KOSDAQ
295310,KOSDAQ
072990,KOSDAQ
044990,KOSDAQ
239610,KOSDAQ
0156T0,KOSDAQ
036170,KOSDAQ
477340,KOSDAQ
148930,KOSDAQ
044780,KOSDAQ
357230,KOSDAQ
355690,KOSDAQ
071670,KOSDAQ
045660,KOSDAQ
224110,KOSDAQ
021080,KOSDAQ
200470,KOSDAQ
207490,KONEX
262260,KOSDAQ
007460,KOSPI
003060,KOSPI
397030,KOSDAQ
244920,KOSPI
278470,KOSPI
0009K0,KOSDAQ
230240,KOSDAQ
159910,KOSDAQ
097780,KOSDAQ
038870,KOSDAQ
448280,KOSDAQ
101360,KOSDAQ
128540,KOSDAQ
086520,KOSDAQ GLOBAL
450080,KOSPI
247540,KOSDAQ GLOBAL
383310,KOSDAQ
038110,KOSDAQ
073540,KOSDAQ
064850,KOSDAQ
036810,KOSDAQ
173940,KOSDAQ
083500,KOSDAQ
446440,KONEX
317530,KOSDAQ
054940,KOSDAQ
950130,KOSDAQ
373110,KOSDAQ
205100,KOSDAQ
356680,KOSDAQ
317770,KOSDAQ
373200,KOSDAQ
069920,KOSDAQ
092870,KOSDAQ
019490,KOSPI
059180,KONEX
317870,KOSDAQ
067570,KOSDAQ
0004V0,KOSDAQ
236810,KOSDAQ
140610,KONEX
333620,KOSDAQ
101400,KOSDAQ
475230,KOSDAQ
224760,KONEX
481890,KOSDAQ
0054V0,KOSDAQ
0130H0,KOSDAQ
265740,KOSDAQ
354200,KOSDAQ
455900,KOSDAQ
419080,KOSDAQ
093510,KONEX
183490,KOSDAQ
085310,KOSPI
182400,KOSDAQ
348370,KOSDAQ
069410,KOSDAQ
227950,KOSDAQ
048830,KOSDAQ
096870,KOSDAQ
276240,KONEX
900140,KOSPI
290650,KOSDAQ
066970,KOSPI
156100,KOSDAQ
0041J0,KOSDAQ
311060,KONEX
073110,KOSDAQ
083310,KOSDAQ
037950,KOSDAQ
489500,KOSDAQ
170920,KOSDAQ
058630,KOSDAQ
226590,KOSDAQ
058970,KOSDAQ
169330,KOSDAQ
097520,KOSPI
373170,KOSDAQ
179290,KOSDAQ
484870,KOSPI
009780,KOSDAQ
123040,KOSDAQ
432980,KOSDAQ
007820,KOSDAQ
347890,KOSDAQ
413390,KOSDAQ
032790,KOSDAQ
033160,KOSDAQ
033310,KOSDAQ
259630,KOSDAQ
105550,KOSDAQ
060850,KOSDAQ
014440,KOSPI
143540,KOSDAQ
111770,KOSPI
009970,KOSPI
003520,KOSPI
000670,KOSPI
012280,KOSPI
265560,KOSDAQ
012160,KOSPI
036000,KOSDAQ
250930,KOSDAQ
053280,KOSDAQ
122640,KOSDAQ
476040,KOSDAQ
900300,KOSDAQ
212310,KONEX
045060,KOSDAQ
192410,KOSDAQ
080520,KOSDAQ
007310,KOSPI
039830,KOSDAQ
322310,KOSDAQ
046120,KOSDAQ
475830,KOSDAQ
014940,KOSDAQ
002630,KOSPI
065500,KOSDAQ
271560,KOSPI
001800,KOSPI
010470,KOSDAQ
417860,KOSDAQ
352910,KOSDAQ
053980,KOSDAQ
036220,KOSDAQ
052420,KOSDAQ
332190,KONEX
052300,KOSDAQ
039200,KOSDAQ
226400,KOSDAQ
031510,KOSDAQ
342870,KOSDAQ
368970,KOSDAQ
138080,KOSDAQ
080580,KOSDAQ
067170,KOSDAQ
353590,KOSDAQ
173130,KOSDAQ
440320,KOSDAQ
049480,KOSDAQ
394280,KOSDAQ
476060,KOSDAQ
382150,KOSDAQ
005320,KOSPI
244460,KOSDAQ
226950,KOSDAQ GLOBAL
057540,KOSDAQ
131030,KOSDAQ
082210,KOSDAQ
109080,KOSDAQ
380540,KOSDAQ
153710,KOSDAQ
432430,KOSDAQ
338840,KOSDAQ
122990,KOSDAQ
232140,KOSDAQ
112290,KOSDAQ
065530,KOSDAQ
067900,KOSDAQ
007530,KOSDAQ
155650,KOSDAQ
273640,KOSDAQ
251370,KOSDAQ
209640,KOSDAQ
096250,KOSDAQ
273060,KOSDAQ
019210,KOSDAQ
122870,KOSDAQ GLOBAL
011690,KOSPI
079000,KOSDAQ
403490,KOSDAQ
316140,KOSPI
032820,KOSDAQ
041190,KOSDAQ
115440,KOSDAQ
046970,KOSDAQ
082850,KOSDAQ
215360,KOSDAQ
072470,KOSDAQ
073560,KOSDAQ
037400,KOSDAQ
153490,KOSDAQ
101170,KOSDAQ
006980,KOSPI
011300,KOSPI
017370,KOSPI
103840,KOSDAQ
101970,KOSDAQ
046940,KOSDAQ
065680,KOSDAQ
105840,KOSPI
018620,KOSDAQ
010400,KOSPI
457550,KOSDAQ
049800,KOSPI
016880,KOSPI
095720,KOSPI
396470,KOSDAQ
005820,KOSPI
307280,KOSDAQ
032940,KOSDAQ
240810,KOSDAQ GLOBAL
074600,KOSDAQ
104830,KOSDAQ
014190,KOSDAQ
217820,KOSDAQ
030530,KOSDAQ
012620,KOSDAQ
136150,KOSDAQ
382840,KOSDAQ
336570,KOSDAQ
376980,KOSDAQ
122830,KONEX
008370,KOSDAQ
008290,KOSDAQ
101160,KOSDAQ
336060,KOSDAQ
095270,KOSDAQ
289930,KOSDAQ
065950,KOSDAQ
076080,KOSDAQ
043590,KOSDAQ
196700,KOSDAQ
069080,KOSDAQ GLOBAL
053580,KOSDAQ
479960,KOSDAQ
044340,KOSDAQ
330350,KOSDAQ
348350,KOSDAQ
112040,KOSDAQ
101730,KOSDAQ
123420,KOSDAQ
065370,KOSDAQ
140660,KONEX
038620,KOSDAQ
036090,KOSDAQ
459100,KOSDAQ
136540,KOSDAQ
097800,KOSDAQ
192390,KOSDAQ
008600,KOSPI
335870,KOSDAQ
900340,KOSDAQ
033270,KOSPI
014830,KOSPI
446070,KOSPI
036200,KOSDAQ
018000,KOSDAQ
000910,KOSPI
047400,KOSPI
203450,KOSDAQ
011330,KOSPI
077500,KOSPI
011320,KOSDAQ
086390,KOSDAQ
241690,KOSDAQ
142210,KOSDAQ
121060,KONEX
389680,KOSDAQ
088340,KOSDAQ
048430,KOSDAQ
206650,KOSDAQ
089850,KOSDAQ
495810,KONEX
084440,KOSDAQ
264450,KOSDAQ
078070,KOSDAQ
002920,KOSPI
024800,KOSDAQ
000700,KOSPI
054930,KOSDAQ
069330,KOSDAQ
049520,KOSDAQ
473050,KOSDAQ
474490,KOSDAQ
493790,KOSDAQ
003470,KOSPI
003475,KOSPI
263770,KOSDAQ
337840,KONEX
072130,KOSPI
000220,KOSPI
000225,KOSPI
000227,KOSPI
388720,KOSDAQ
023410,KOSDAQ
056080,KOSDAQ
468760,KOSDAQ
488060,KOSDAQ
0105P0,KOSDAQ
084370,KOSDAQ
240600,KOSDAQ
001200,KOSPI
179900,KOSDAQ
263050,KOSDAQ
000100,KOSPI
000105,KOSPI
003460,KOSPI
003465,KOSPI
191410,KOSDAQ
372170,KOSDAQ
146060,KOSDAQ
008730,KOSPI
008250,KOSPI
039020,KOSDAQ
025820,KOSPI
067920,KOSDAQ
044960,KOSDAQ
303530,KOSDAQ
302430,KOSDAQ
279060,KONEX
214320,KOSPI
462350,KOSDAQ
274400,KOSDAQ
296640,KOSDAQ
215790,KOSDAQ
344860,KOSDAQ
333050,KOSDAQ
469610,KOSDAQ
088390,KOSDAQ
272290,KOSDAQ GLOBAL
053350,KOSDAQ
452400,KOSDAQ
264850,KOSDAQ
054210,KOSDAQ
009730,KOSDAQ
065440,KOSDAQ
088260,KOSPI
139480,KOSPI
424870,KOSDAQ
115610,KOSDAQ
478110,KOSDAQ
131400,KOSDAQ
208850,KONEX
351330,KOSDAQ
080010,KOSDAQ
379390,KONEX
457190,KOSPI
086890,KOSDAQ
007660,KOSPI
005950,KOSPI
015020,KOSPI
047560,KOSDAQ
239340,KOSDAQ
067010,KOSDAQ
456070,KOSDAQ
102710,KOSDAQ
074610,KOSPI
041520,KOSDAQ
063760,KOSDAQ
123570,KOSDAQ
083470,KOSDAQ
091120,KOSDAQ
232530,KONEX
102460,KOSPI
039030,KOSDAQ
294090,KOSDAQ
088290,KOSDAQ
084680,KOSPI
353810,KOSDAQ
261520,KOSDAQ
350520,KOSPI
334890,KOSPI
099750,KOSDAQ
377330,KOSDAQ
035810,KOSDAQ
092130,KOSDAQ
134060,KOSDAQ
001840,KOSDAQ
000760,KOSPI
014990,KOSPI
041830,KOSDAQ
352940,KOSDAQ
101140,KOSPI
216400,KONEX
079950,KOSDAQ
0007J0,KOSDAQ
389470,KOSDAQ
277410,KOSDAQ
060150,KOSDAQ
033230,KOSDAQ
450520,KOSDAQ
465480,KOSDAQ
950260,KOSDAQ
037330,KOSDAQ
100030,KOSDAQ
023800,KOSPI
034590,KOSPI
211050,KOSDAQ
083640,KOSDAQ
064090,KOSDAQ
216050,KOSDAQ
049070,KOSDAQ
311960,KONEX
119610,KOSDAQ
017250,KOSDAQ
129260,KOSPI
051370,KOSDAQ
064290,KOSDAQ
189300,KOSDAQ
287840,KOSDAQ
048530,KOSDAQ
070590,KOSDAQ
023810,KOSPI
115310,KOSDAQ
039290,KOSDAQ
071200,KOSDAQ
101930,KOSDAQ
249420,KOSPI
000230,KOSPI
013360,KOSPI
003120,KOSPI
333430,KOSDAQ
068330,KOSDAQ
003200,KOSPI
007110,KOSPI
007570,KOSPI
007575,KOSPI
178780,KOSDAQ
019540,KOSDAQ
081000,KOSPI
020760,KOSPI
103590,KOSPI
094820,KOSDAQ
271940,KOSPI
015860,KOSPI
226320,KOSPI
950140,KOSDAQ
049550,KOSDAQ
389020,KOSDAQ
254120,KOSDAQ
043910,KOSDAQ
234920,KOSDAQ
289220,KOSDAQ
317400,KOSPI
033240,KOSPI
049630,KOSDAQ
417840,KOSDAQ
000950,KOSPI
079900,KOSPI
110020,KOSDAQ
208140,KOSDAQ
040420,KOSDAQ
045510,KOSDAQ
217190,KOSDAQ
095700,KOSDAQ
122310,KOSDAQ
361390,KOSDAQ
066830,KONEX
225220,KOSDAQ
123330,KOSDAQ
381620,KOSDAQ
159580,KOSDAQ
147830,KOSDAQ
033100,KOSDAQ GLOBAL
079370,KOSDAQ
054950,KOSDAQ
090470,KOSDAQ
023440,KOSDAQ
137950,KOSDAQ
033320,KOSDAQ
417500,KOSDAQ
348950,KOSPI
204270,KOSDAQ
127120,KOSDAQ
194370,KOSPI
026040,KOSDAQ
452160,KOSDAQ
126880,KOSDAQ
322510,KOSDAQ
254160,KONEX
033050,KOSDAQ
094970,KOSDAQ
418550,KOSDAQ
060230,KOSDAQ
420570,KOSDAQ
089790,KOSDAQ
0010V0,KOSDAQ
030000,KOSPI
271980,KOSPI
412540,KOSDAQ
001560,KOSPI
199820,KOSDAQ
038010,KOSDAQ
002620,KOSPI
080220,KOSDAQ
006220,KOSPI
089590,KOSPI
216080,KOSDAQ
337930,KOSDAQ
229000,KOSDAQ
082270,KOSDAQ
153890,KOSDAQ
004910,KOSPI
004700,KOSPI
001550,KOSPI
462520,KOSPI
120030,KOSPI
034940,KOSDAQ
067000,KOSDAQ
309930,KOSDAQ
018470,KOSPI
002600,KOSPI
018700,KOSDAQ
185750,KOSPI
063160,KOSPI
001630,KOSPI
033340,KOSDAQ
036930,KOSDAQ GLOBAL
109070,KOSPI
044380,KOSPI
072020,KOSDAQ
000440,KOSDAQ
051980,KOSDAQ
221800,KOSDAQ
228760,KOSDAQ
314130,KOSDAQ
013890,KOSPI
389030,KOSDAQ
263860,KOSDAQ
303030,KOSDAQ
208350,KOSDAQ
446840,KOSDAQ
144510,KOSDAQ
340450,KOSDAQ
306620,KOSDAQ
358570,KOSDAQ
382480,KOSDAQ
382800,KOSDAQ
299480,KONEX
051160,KOSDAQ
053050,KOSDAQ
076340,KONEX
388610,KOSDAQ
493330,KOSDAQ
119850,KOSDAQ
065060,KOSDAQ
204840,KOSDAQ
013870,KOSPI
071320,KOSPI
311320,KOSDAQ
456160,KOSDAQ
388050,KOSDAQ
088790,KOSPI
018120,KOSDAQ
109820,KOSDAQ
086060,KOSDAQ
036890,KOSDAQ
363250,KOSDAQ
003780,KOSPI
007370,KOSDAQ
010640,KOSPI
100250,KOSPI
051630,KOSPI
272450,KOSPI
285800,KOSDAQ
011000,KOSPI
250030,KONEX
002780,KOSPI
002787,KOSPI
002785,KOSPI
233990,KONEX
025620,KOSPI
085660,KOSDAQ
351870,KOSDAQ
009310,KOSPI
094850,KOSDAQ
004650,KOSDAQ
0011T0,KOSDAQ
278280,KOSDAQ
000650,KOSPI
362320,KOSDAQ
013720,KOSDAQ
066360,KOSDAQ
033250,KOSPI
047820,KOSDAQ
291650,KOSDAQ
094360,KOSDAQ
0082N0,KOSDAQ
016920,KOSDAQ
284620,KOSDAQ
035720,KOSPI
293490,KOSDAQ GLOBAL
323410,KOSPI
377300,KOSPI
140430,KOSDAQ
042000,KOSDAQ
006380,KOSPI
313760,KOSDAQ
071850,KOSDAQ
198080,KOSDAQ
210120,KOSDAQ
050110,KOSDAQ
452300,KOSDAQ
451760,KOSDAQ
900310,KOSDAQ
078340,KOSDAQ GLOBAL
291230,KOSDAQ
063080,KOSDAQ
307930,KOSDAQ
079190,KOSDAQ
263700,KOSDAQ
214370,KOSDAQ
221980,KOSDAQ
038530,KOSDAQ
279570,KOSPI
001620,KOSPI
192250,KOSDAQ
431190,KOSDAQ
029460,KOSPI
115500,KOSDAQ
281820,KOSPI
089150,KOSDAQ
025880,KOSDAQ
093320,KOSDAQ
093640,KOSDAQ
487400,KOSDAQ
073010,KOSDAQ
105330,KOSDAQ
053080,KOSDAQ
199430,KOSDAQ
432470,KOSDAQ
272110,KOSDAQ
039420,KOSDAQ
083550,KOSDAQ
032500,KOSDAQ
225430,KOSDAQ
102370,KOSDAQ
068100,KOSDAQ
106080,KOSDAQ
455180,KOSDAQ
381970,KOSPI
145270,KOSPI
036030,KOSDAQ
064820,KOSDAQ
024880,KOSDAQ
042040,KOSDAQ
054410,KOSDAQ
288180,KOSDAQ
258610,KOSDAQ
274090,KOSDAQ
402420,KONEX
089010,KOSDAQ
220260,KOSDAQ
176590,KONEX
052400,KOSDAQ GLOBAL
402030,KOSDAQ
391710,KOSDAQ
046070,KOSDAQ
047770,KOSDAQ
080530,KOSDAQ
417310,KOSPI
357120,KOSPI
104540,KOSDAQ
027050,KOSDAQ
007815,KOSPI
007810,KOSPI
00781K,KOSPI
190650,KOSDAQ
123410,KOSDAQ
003690,KOSPI
036690,KOSDAQ
049430,KOSDAQ
183300,KOSDAQ
041960,KOSDAQ
089890,KOSDAQ
360350,KOSDAQ
189350,KONEX
082660,KOSDAQ
043710,KOSDAQ
192820,KOSPI
044820,KOSPI
222040,KOSDAQ
241710,KOSDAQ GLOBAL
439960,KOSDAQ
005070,KOSPI
005420,KOSPI
355150,KOSDAQ
169670,KONEX
071950,KOSPI
166480,KOSDAQ
045970,KOSDAQ
196450,KOSDAQ
384470,KOSDAQ
002020,KOSPI
003070,KOSPI
003075,KOSPI
102940,KOSDAQ
002025,KOSPI
120110,KOSPI
120115,KOSPI
950160,KOSDAQ
021240,KOSPI
056360,KOSDAQ
282880,KOSDAQ
121850,KOSDAQ
448710,KOSDAQ
126730,KOSDAQ
015710,KOSDAQ
052330,KOSDAQ
322780,KOSDAQ
036420,KOSPI
215380,KOSDAQ
200130,KOSDAQ GLOBAL
024720,KOSPI
294570,KOSDAQ
192400,KOSPI
284740,KOSPI
464490,KOSDAQ
317690,KOSDAQ
070300,KOSDAQ
432720,KOSDAQ
456190,KONEX
365270,KOSDAQ
348080,KOSDAQ
060280,KOSDAQ
372320,KOSDAQ
051780,KOSDAQ
115180,KOSDAQ
494120,KOSDAQ
445680,KOSDAQ
182360,KOSDAQ
405100,KOSDAQ
066310,KOSDAQ
377460,KOSDAQ
136660,KONEX
016600,KOSDAQ
355390,KOSDAQ
264900,KOSPI
26490K,KOSPI
005740,KOSPI
005745,KOSPI
259960,KOSPI
096240,KOSDAQ
040350,KOSDAQ
215570,KONEX
110790,KOSDAQ
900250,KOSDAQ
045520,KOSDAQ
214150,KOSDAQ GLOBAL
466100,KOSDAQ
237880,KOSDAQ
139670,KOSDAQ
020120,KOSPI
475430,KOSDAQ
487720,KOSDAQ
489480,KOSDAQ
039490,KOSPI
466690,KOSDAQ
0131D0,KOSDAQ
054780,KOSDAQ
256940,KOSDAQ
336040,KONEX
219130,KOSDAQ
346010,KONEX
318660,KONEX
476710,KONEX
434190,KONEX
336680,KOSDAQ
360070,KOSDAQ
180060,KONEX
065130,KOSDAQ
134580,KOSDAQ
014580,KOSPI
015890,KOSPI
006890,KOSPI
023160,KOSDAQ GLOBAL
003240,KOSPI
011280,KOSPI
323280,KOSDAQ
053620,KOSDAQ
052960,KONEX
004100,KOSPI
004105,KOSPI
116100,KONEX
009410,KOSPI
009415,KOSPI
044490,KOSDAQ
124560,KOSDAQ
001420,KOSPI
191420,KOSDAQ
950250,KOSDAQ
073640,KOSDAQ
066700,KOSDAQ
095610,KOSDAQ GLOBAL
055490,KOSPI
064520,KOSDAQ
089030,KOSDAQ
258050,KONEX
054450,KOSDAQ
078000,KOSPI
200230,KOSDAQ
214420,KOSPI
393210,KOSDAQ
475960,KOSDAQ
215480,KOSDAQ
051360,KOSDAQ
045340,KOSDAQ
108230,KOSDAQ
079970,KOSDAQ
199800,KOSDAQ
417790,KOSDAQ
091810,KOSPI
290090,KOSDAQ
026150,KOSDAQ
464280,KOSDAQ
117730,KOSDAQ
033830,KOSDAQ
057680,KOSDAQ
204610,KOSDAQ
125020,KOSDAQ
064760,KOSDAQ GLOBAL
246710,KOSDAQ
340570,KOSDAQ
043220,KOSDAQ
277880,KOSDAQ
131290,KOSDAQ
019180,KOSPI
425420,KOSDAQ
484810,KOSDAQ
131100,KOSDAQ
356860,KOSDAQ
413300,KONEX
217590,KOSPI
363280,KOSPI
36328K,KOSPI
321550,KOSDAQ
004870,KOSPI
425040,KOSDAQ
241790,KOSDAQ
022220,KOSDAQ
104480,KOSDAQ
081150,KOSDAQ
130740,KOSDAQ
217880,KONEX
084730,KOSDAQ
440110,KOSDAQ
034230,KOSPI
290560,KOSDAQ
288330,KOSDAQ
033540,KOSDAQ
388870,KOSDAQ
043200,KOSDAQ
214450,KOSDAQ GLOBAL
217950,KONEX
005690,KOSPI
177830,KOSDAQ
037070,KOSDAQ
150900,KOSDAQ
037030,KOSDAQ
047310,KOSDAQ
368770,KOSDAQ
170790,KOSDAQ
900100,KOSDAQ
049120,KOSDAQ
038950,KOSDAQ
387570,KOSDAQ
441270,KOSDAQ
106240,KOSDAQ
131760,KOSDAQ
065690,KOSDAQ
140860,KOSDAQ GLOBAL
091700,KOSDAQ
202960,KONEX
032800,KOSDAQ
318010,KOSDAQ
036580,KOSPI
027710,KOSDAQ
004720,KOSPI
266350,KONEX
225590,KOSDAQ
054300,KOSDAQ
068050,KOSDAQ
028670,KOSPI
222110,KOSDAQ
271830,KOSDAQ
010820,KOSPI
016800,KOSPI
263750,KOSDAQ
251970,KOSDAQ GLOBAL
187660,KOSDAQ
0015S0,KOSDAQ
001020,KOSPI
168360,KOSDAQ
087010,KOSDAQ
090080,KOSPI
010770,KOSPI
064800,KOSDAQ
119500,KOSDAQ
389140,KOSDAQ
105760,KOSDAQ
022100,KOSPI
058430,KOSPI
009520,KOSDAQ GLOBAL
047050,KOSPI
003670,KOSPI
189690,KOSDAQ
318020,KOSDAQ
256630,KOSDAQ
331380,KOSDAQ
208710,KOSDAQ
472850,KOSDAQ
039980,KOSDAQ
041910,KOSDAQ
220180,KOSDAQ
234100,KOSDAQ
041020,KOSDAQ
114630,KOSDAQ
487580,KOSDAQ
290720,KOSDAQ
005670,KOSDAQ
094940,KOSDAQ
007330,KOSDAQ
017810,KOSPI
093380,KOSDAQ
023900,KOSDAQ
103140,KOSPI
005810,KOSPI
371950,KOSDAQ
298060,KOSDAQ
370090,KOSDAQ
445180,KOSDAQ
341170,KONEX
220100,KOSDAQ
035200,KOSDAQ
334970,KOSDAQ
950210,KOSPI
321260,KOSDAQ
296160,KONEX
053610,KOSDAQ
468530,KOSDAQ
303360,KOSDAQ
377220,KOSDAQ
335810,KOSDAQ
053160,KOSDAQ
006490,KOSPI
405000,KOSDAQ
041590,KOSDAQ
367000,KOSDAQ
075130,KOSDAQ
222670,KONEX
237820,KOSDAQ
023770,KOSDAQ
300080,KOSDAQ
033790,KOSDAQ
032580,KOSDAQ
0117P0,KOSDAQ
051380,KOSDAQ
241820,KOSDAQ
452450,KOSDAQ
237750,KOSDAQ
460940,KOSDAQ
319660,KOSDAQ
031980,KOSDAQ
002230,KOSDAQ
043370,KOSDAQ
239890,KOSDAQ
347740,KOSDAQ
137400,KOSDAQ GLOBAL
257370,KOSDAQ
147760,KOSDAQ
128660,KOSDAQ
006140,KOSDAQ
376180,KOSDAQ
304840,KOSDAQ
087600,KOSDAQ
291810,KOSDAQ
378340,KOSDAQ
161580,KOSDAQ
347770,KOSDAQ
163730,KOSDAQ
417180,KOSDAQ
469900,KOSDAQ
475240,KOSDAQ
475250,KOSDAQ
484130,KOSDAQ
0041L0,KOSDAQ
0101C0,KOSDAQ
086790,KOSPI
299030,KOSDAQ
067310,KOSDAQ
166090,KOSDAQ
293480,KOSPI
039130,KOSPI
136480,KOSDAQ
003380,KOSDAQ GLOBAL
450330,KOSDAQ
101670,KOSDAQ
365590,KOSDAQ
149980,KOSDAQ
013030,KOSDAQ
352820,KOSPI
126700,KOSDAQ
071090,KOSPI
160190,KOSDAQ
221840,KOSDAQ
106190,KOSDAQ
000080,KOSPI
000087,KOSPI
000140,KOSPI
000145,KOSPI
065650,KOSDAQ
066130,KOSDAQ
004590,KOSDAQ
036460,KOSPI
039340,KOSDAQ
005430,KOSPI
071050,KOSPI
071055,KOSPI
034950,KOSDAQ
010040,KOSPI
025540,KOSPI
222980,KOSDAQ
010100,KOSPI
331660,KONEX
256840,KOSDAQ
219750,KOSDAQ
004090,KOSPI
025550,KOSDAQ
002200,KOSPI
002960,KOSPI
017890,KOSDAQ
000240,KOSPI
080720,KOSDAQ
123890,KOSPI
015760,KOSPI
041460,KOSDAQ
006200,KOSPI
101680,KOSDAQ
039740,KOSDAQ
053300,KOSDAQ
025770,KOSDAQ
479880,KOSDAQ
0164H0,KOSDAQ
027970,KOSPI
023350,KOSPI
025890,KOSPI
000970,KOSPI
104700,KOSPI
062970,KOSDAQ
017960,KOSPI
023760,KOSDAQ
054040,KOSDAQ
161890,KOSPI
021650,KOSDAQ
161390,KOSPI
034830,KOSPI
007280,KOSPI
032300,KOSDAQ
037230,KOSDAQ
448900,KOSDAQ
047810,KOSPI
123690,KOSPI
003350,KOSPI
052600,KOSDAQ
011500,KOSPI
002390,KOSPI
256150,KOSDAQ
092460,KOSDAQ
125490,KOSDAQ
053690,KOSPI
042700,KOSPI
008930,KOSPI
128940,KOSPI
452190,KOSDAQ
047080,KOSDAQ
009240,KOSPI
452280,KOSDAQ
020000,KOSPI
003680,KOSPI
066980,KOSDAQ
105630,KOSPI
069640,KOSPI
016450,KOSPI
009180,KOSPI
114810,KOSDAQ
213500,KOSPI
014680,KOSPI
004710,KOSPI
004150,KOSPI
025750,KOSPI
042520,KOSDAQ
004960,KOSPI
011700,KOSPI
430690,KOSDAQ
078350,KOSDAQ
045100,KOSDAQ
001750,KOSPI
001755,KOSPI
018880,KOSPI
009420,KOSPI
320000,KOSDAQ
091440,KOSDAQ
276730,KOSDAQ
014130,KOSPI
024740,KOSDAQ
005860,KOSDAQ
300720,KOSPI
002220,KOSPI
003300,KOSPI
007770,KOSDAQ
051600,KOSPI
052690,KOSPI
130660,KOSPI
198940,KOSDAQ
058450,KOSDAQ
107640,KOSDAQ
002320,KOSPI
003480,KOSPI
180640,KOSPI
18064K,KOSPI
005110,KOSPI
079170,KOSDAQ
009460,KOSPI
030520,KOSDAQ
372910,KOSPI
054920,KOSDAQ
457370,KOSDAQ
002680,KOSDAQ
098070,KOSDAQ
408470,KOSDAQ
000880,KOSPI
00088K,KOSPI
452260,KOSPI
45226K,KOSPI
451800,KOSPI
0220W0,KOSPI
0220WL,KOSPI
489790,KOSPI
088350,KOSPI
000370,KOSPI
009830,KOSPI
009835,KOSPI
272210,KOSPI
012450,KOSPI
082740,KOSPI
042660,KOSPI
003530,KOSPI
003535,KOSPI
498390,KOSDAQ
195870,KOSPI
034810,KOSDAQ
03481K,KOSDAQ
059270,KOSDAQ
076610,KOSDAQ
0155E0,KOSDAQ
101530,KOSPI
143210,KOSPI
900270,KOSDAQ
214180,KOSDAQ
234340,KOSDAQ
084990,KOSDAQ
000720,KOSPI
000725,KOSPI
170030,KOSDAQ
453340,KOSPI
086280,KOSPI
064350,KOSPI
079430,KOSPI
012330,KOSPI
319400,KOSDAQ
048410,KOSDAQ
052260,KOSDAQ
069960,KOSPI
004560,KOSPI
016790,KOSDAQ
004310,KOSPI
041440,KOSDAQ
039010,KOSDAQ
017800,KOSPI
307950,KOSPI
011210,KOSPI
090850,KOSDAQ
004020,KOSPI
005440,KOSPI
005380,KOSPI
005387,KOSPI
005389,KOSPI
005385,KOSPI
001500,KOSPI
011760,KOSPI
227840,KOSPI
126560,KOSPI
001450,KOSPI
460930,KOSDAQ
092300,KOSDAQ
011080,KOSDAQ
308100,KOSDAQ
093240,KOSPI
003010,KOSPI
111110,KOSPI
008770,KOSPI
008775,KOSPI
064240,KOSDAQ
039610,KOSDAQ
378850,KOSPI
241590,KOSPI
006060,KOSPI
013520,KOSPI
010690,KOSPI
126640,KOSDAQ
133820,KOSPI
127980,KOSDAQ
061250,KOSDAQ
010660,KOSPI
000850,KOSPI
016580,KOSPI
032560,KOSPI
004800,KOSPI
094280,KOSPI
097870,KOSDAQ
298040,KOSPI
298020,KOSPI
298000,KOSPI
093370,KOSPI
290270,KOSDAQ
005870,KOSPI
353190,KOSDAQ
090710,KOSDAQ
078590,KOSDAQ
205470,KOSDAQ
115160,KOSDAQ
028080,KOSDAQ
200670,KOSDAQ
079980,KOSPI
065510,KOSDAQ
005010,KOSPI
263920,KOSDAQ
243070,KOSDAQ
084110,KOSDAQ
145020,KOSDAQ
024060,KOSDAQ
010240,KOSDAQ
189980,KOSDAQ
000540,KOSPI
000545,KOSPI
003280,KOSPI
037440,KOSDAQ
238490,KOSDAQ
